0,1.2248802545242234e-05,0.012107711024817967,0.6187143451084779,0.01135790965954721,0.6051234147367752,0.0037988595188111047,0.09430067741212463,0.17456288630264516,0.04837661096476536,0.00011387271289570172,0.006975190880614795,7.91495478998909e-05
1,0.019405856751960177,4.074533422213383e-06,0.9894998457212079,0.024626132573575772,0.8333908535621815,0.00018415733139760338,0.09552387054363534,0.6540136113807892,0.005013366878198937,0.26497118121401486,2.4285845292441503e-05,0.1048939626442095
2,0.35069673322367917,0.007519704560431956,0.05165663350238652,2.839537752013292e-05,0.3559035828000696,0.0057388772913001575,0.0581890788845426,0.02844274200355759,0.001115991477826797,0.020112245332372467,0.000754355069879649,1.4106904343202832e-05
3,0.0862805326169325,0.11550942307399975,0.2489197943112798,3.794897321897385e-05,0.00017299285726068688,0.07726241096542912,0.0036789226210508516,0.06519004227986488,0.0028110013476050676,0.4509963931947595,0.15378123276823555,0.000463777077796556
4,0.0008487361047015608,0.0566200331160678,0.23414716593731288,0.007229539877159647,0.29901514321701356,0.09589324596837755,0.0003317585841778592,0.0005795785007247144,0.00013195456516484913,0.006472650789443079,0.00045801859292217846,3.5341821839950334e-05
5,0.0009143308146865851,0.000828495055651587,0.2318408140877038,0.0003508267703647179,0.12443731713068895,0.20713849783447408,3.130152995688333e-05,0.006255502149797234,9.37137507885473e-06,0.6781214515180606,0.13637320157635693,0.04053355331377834
6,0.001808078592595769,0.000382919426553916,0.029410841120301075,0.011220345560879441,0.13720400739192692,0.0015268615332456098,3.450740392499746e-05,0.003498193364121959,0.00019358489081335928,0.1650041797194043,0.06261120311846984,0.01209662619808836
7,2.750613211165024e-05,0.009443137680279004,0.7087739395475424,0.00015210028516194268,0.0018061010525142584,0.5514932989532744,7.443234341332528e-05,0.00030620360260325593,0.005646701801344824,0.012724168630349792,0.18419218660885106,0.0464175887177364
8,0.23943231668624326,0.0007155419147086829,0.024170093762792565,0.12215952081137121,2.9403028891415135e-05,0.0001726899588263975,0.9076263253590229,0.007057680833633003,0.19483232613371712,0.3301316142420665,0.0008313681612747584,0.3999568221909089
9,0.022725549087909577,0.00038607143451894533,0.010738059865197134,0.020080523005315577,0.003910293175759584,0.20655861079970195,0.04167378612691499,0.0021094925771406163,3.7054425112493973e-06,0.11934069709055843,1.5582321345919113e-05,0.46664325722680927
10,2.223550285131136e-05,0.0031498343503676258,0.6211311406574964,0.9348198383275256,0.10700270393107926,0.000832343563832842,0.011199423900760013,0.00048233170470681034,0.09629774746288959,7.195352210274055e-06,0.014900490352068394,0.08718228723625976
11,0.3451021217356648,0.0011534843513892601,0.0005405317873289953,0.10515070882792334,0.05028513768160086,0.016326259630621023,4.8514732291254026e-05,0.0011296670750369346,0.5763640186723081,0.027763529307585584,0.008147525502345746,0.052450837652215504
12,0.0025537946514394994,1.5712332605483714e-05,0.009851589330579771,0.00034328258810209744,0.007989506650980928,0.00027144187165372314,0.0004725438565991808,0.0018446071136507026,0.044938163453087474,0.10806117273466397,0.25861052675767415,0.2780973558504561
13,0.0072836835450095,0.07857108163160867,0.7188837531580269,8.771981891109272e-06,0.07189397437666627,0.6790530563812558,0.7682596965048507,0.02113194488820066,0.00046707757328501987,0.26278169539296226,0.0004346452655815546,0.0002362888025815284
14,0.10192104880033229,0.007196044311687788,0.2582687162873054,0.36437400325407404,0.003208397446526064,0.0005015567751508942,0.0017558216454526946,0.00010411655808415646,1.9646926756638063e-05,0.004714109115451206,0.0006304485184585054,0.5039405928575103
15,0.21436276370044255,0.037601654176527693,8.529733403540957e-05,0.007852018038496274,2.861862003591694e-05,0.0455756535705146,0.0019227153299643128,0.00023164185817904507,0.000827888400761393,0.00946517299300289,0.142012012343774,5.4360549992501806e-05
16,0.013479005692209544,0.021473503907746935,0.36031372585946697,5.563696699808988e-06,0.0008521282079813087,0.11759468776600279,0.0012954442057400714,0.07778265195516987,0.0001491406638789225,0.010488394477949548,0.0064636616594410355,0.34473139468695657
17,0.010910060033757416,0.10314150166437082,4.058617057546588e-05,0.017558498785569962,0.5979596378171881,0.06904867400323746,0.35514796078666583,0.01195152697504372,4.342191087842482e-05,0.022846885175918426,0.03934031441336485,0.0031538069335064777
18,0.0001317086834625776,0.5082666787264325,0.00010970826450678848,0.05852788752267817,0.19688610697115533,0.011346629025249308,5.99219846847616e-05,0.07019194164170514,0.000702665402307318,0.2796287506261786,0.18391178066124594,1.5064845255865934e-05
19,0.41856380945624483,7.729594842580608e-06,0.9430818782545727,0.05931837142577776,0.0027484343045081,0.02757424976998541,0.02873554906361406,0.0071442188827539,0.01864310487644586,0.0013853797281193276,0.007000622245241334,0.00025598852412120115
20,0.4890016235676169,8.304372549131107e-05,0.0255852864083737,0.010615188736733288,0.0662462624672983,0.0402420160199575,0.9913338720822747,0.8283937637629317,0.0221709164259833,0.013866277233564622,4.617382703620035e-06,1.2208217752376317e-05
21,0.12247146189290439,0.008013176364740277,0.0030515259011637884,0.002092682705112301,0.040069762612659245,0.011129738857917924,0.029430734119532218,0.4132730180228532,0.2583645853042899,5.1646523737154767e-05,5.7495467985121945e-05,0.2903645896937176
22,7.906780504097956e-05,0.0008039373427483534,0.06293127411341697,0.46239436508802895,0.01492550073002089,0.00024557009787272416,1.89356203176515e-07,0.03880432979599481,0.00026127803839327027,0.03040403635134729,0.04127780565170553,0.005303267994060116
23,7.774497684425767e-05,0.3061656110679951,0.00010449841282455605,0.8580083109441135,0.003992282577778623,0.0015165956620969009,0.0018534265407855334,0.03761762999708592,0.028966206537597194,0.007909468754292864,0.019069904050363854,0.009775660108405847
24,0.5174593992952373,0.0010195054564157934,0.1896296446022574,0.10450712255309041,7.110976718744854e-05,8.399557992922218e-05,0.04550242062567643,0.0005048935576337305,0.01143911145445596,0.16255287532156226,0.02830249373235101,0.061828139297782456
25,0.7837944024569448,0.22524978409636387,0.010464365780177667,0.0002496405398445396,0.0013888571883017666,0.22903848883049033,0.0005151679002527682,0.02335946249655769,0.007108491671220393,0.608606476078161,0.0010039505649331376,3.6119386966013314e-05
26,0.0007107564347555111,0.0004839832835930716,0.015598831299103718,0.8732031233716667,0.8219155790019367,0.0006307241302844302,0.6088512936613797,0.0022147216968495097,0.00010491109223567511,0.033696457798885054,0.002584899201598339,0.01458544088891573
27,0.10668057904648622,3.660646189806331e-05,0.0020707935384826717,0.0005513253974845051,0.00864127830560062,0.029943652400483783,0.024251572315883204,0.0009807076210387915,0.2120638490430064,0.6616696481218927,0.00021475536922458408,0.016062724797253392
28,0.004838713553868272,0.2198759945171117,0.005283608870500769,0.06877329317873891,0.3376519349592666,0.004796555565774782,8.695161019765845e-06,0.4173810534997485,0.23053501737422027,0.0013374493587797447,1.7124156360356044e-07,0.8710304847507085
29,0.5699606688604177,0.04788345949352761,0.6127687205004153,0.1109241020068195,0.002612946155863846,0.03215180251888698,0.3284568647432751,0.001672305657996905,0.12820353064566165,0.0006727671774546434,0.00021242066981220085,0.0002512720851016567
30,0.5712398437734578,0.0025713073195926255,0.00011871200671941788,0.009763918840932598,0.4854755893084616,0.00010126056502705164,0.03390399414107432,0.00031554622642783025,8.830028178120612e-07,0.011346984864430889,0.053222727929986856,0.08543492183614021
31,1.3635043437760778e-06,0.0013738581503326306,0.023231498553114294,7.095367296375988e-05,0.05854774319816115,0.14431832663893196,0.008223381361184435,0.006688533561359101,8.57896645296368e-05,0.0032798747624605993,0.0933807742759392,0.2763692232009727
32,0.9391851201286775,0.03774299245418165,0.15819604945646515,1.3778093397366043e-05,0.009987874007428885,0.03860830477447483,0.001131400124027914,0.009264027450683979,6.305439329804217e-05,0.022892356412082798,0.00011532176661648071,0.0005474079236783661
33,0.10066737935635203,1.6674636742647307e-05,0.003594410608993369,0.6802037863534555,0.02006041702937743,0.0002599739468290373,6.949569653842841e-05,0.0007743968520773494,0.8839423021052846,0.009421368892680063,0.0006197656890316204,0.8551556854621222
34,0.00022267275701742063,0.002734324709688276,0.07047562282678833,0.010125497621216232,0.000509584620761351,0.00013462303505023426,0.005451705861013221,0.02982273507296088,0.037057246814639906,0.06820322718296341,0.8880074824477101,0.24051386833677013
35,0.31074783840072395,0.0073560427337121615,0.004663291581206398,0.00015361650702678178,0.0002165486220521339,0.8162375540393452,0.001892153758687421,0.8063553281813052,0.001489663259971362,0.02630376791653665,1.100063665613921e-06,0.010649606296516468
36,0.8482853173993159,0.0004583434913730524,2.720493025377664e-05,0.9617616075843917,0.0033838041043927386,0.17046887749549008,0.01191764962481603,0.9565987525108444,0.15318077819770815,0.29837662220078526,0.003557973852868794,0.0005551583216663968
37,0.00011463571361204049,5.540213945757259e-06,0.010176410766082257,0.05376240029580984,0.0002337492056041373,0.002152950423811388,0.007001549031183876,0.00036040142029701425,0.005406050347637952,3.5796049764167404e-05,0.05850476429130231,0.1010420670726386
38,0.004908948247482145,0.04503877904896728,0.15866416387191884,0.0006494709818176767,0.0007081006966012507,0.24853992419716453,0.7684002006529727,5.829851617281778e-05,0.003746802174070934,0.026033969291861973,0.0021098255955282496,0.7687585105020367
39,0.985341856587927,0.0004492029537196288,0.00021482372761393994,0.4706187311691547,0.0008067972546252757,0.0013741128562825171,0.428071278255332,0.3991853173826626,0.03923118724386365,4.4078159666892514e-05,0.001045260540163331,0.09003474664265411
40,0.0005192948970738427,0.013218296894181537,0.10143287198393172,0.43569451670962306,0.000256346076327205,0.003564604747129061,0.13202102070163219,0.1296081410429463,8.872330436373868e-05,0.017403154420406523,0.158287912303358,0.8126115164457408
41,0.050753162240362235,0.08730175997927604,0.002867489282254079,0.7895668667942397,0.06475774796505385,0.003236926850611974,0.11998936037678988,0.013023324149807183,0.000622969904176519,0.010147885422560041,0.27804031093388376,2.8894280141347062e-05
42,0.1020861956155067,0.03803573301526184,1.3326294419322004e-05,0.001967602413243974,0.006751879015018561,0.24310910266684688,0.001154015161348682,0.002509835019596848,0.13721115903052122,2.293197759767118e-05,0.6053997198350967,0.32889498083572966
43,0.12799393057519243,0.014888175927913881,0.07134324783781648,0.005409304229411791,0.00024266717696828777,3.0031512442624658e-05,0.10833271382753888,0.09945984714737945,7.077988764829254e-05,0.003523673459841369,0.0032597332091503545,0.4553354285639848
44,0.041178085686826085,0.00010121019570303127,3.8121926650704394e-05,0.6213182979374752,0.0007838944603853551,0.744703102294092,0.001471462889663315,0.2415705390600808,0.015378734048208918,1.1489186383540957e-05,0.015797969023998628,0.5750713005450048
45,0.045272886732659834,0.5489467236753396,0.0014785115628345542,0.8881193216676708,0.37645046131357085,1.4477435464786753e-05,0.01577153999822281,0.331982272184958,0.0301995765610055,0.0014599790288690702,0.008327045078027924,0.00018454911373330966
46,0.03103901207952536,0.002164341293653825,0.0015005000105753786,0.05391674855794081,0.01207062607915238,2.883327767694327e-05,0.43085725118467955,0.10543890863305797,1.3792209204620327e-06,0.5054581084431344,5.129330566591006e-06,0.7286024959717576
47,0.004292881335595459,0.42616448172283555,0.02558902901207226,0.03525712974790981,0.0010633134473674376,0.040792930445593935,0.00040343522989862504,0.0004527366888594602,0.0009231076370290752,0.0009425070195312302,0.012054714993969892,0.7712513914088805
48,0.002728189568504692,0.00047102144940515476,0.08335777908562704,0.01052990687315239,0.028680077033109264,0.0012044205212148565,0.01975364817412667,0.0017342719616477867,0.0010277135396114905,0.005714171561369097,0.9959677462908882,0.18883820677624638
49,4.631141071233302e-06,0.0009220864023016,0.028529065454427547,0.0016011449812253675,0.0007719126146377086,0.004093460270565641,0.4827927771823849,0.0068857041118715575,0.0006927183965953033,0.05092869306767915,0.0005123263755103112,0.5251754268910237
50,0.44996291064806565,0.00025893965498686083,0.04093873351437469,0.09978535593975564,0.41921859151359525,0.0038366412761780032,0.01280257785794135,8.588378549792539e-05,0.0009208083434124444,0.0044026319381319755,0.5109147361475765,0.9146345967255918
51,0.6225970337339983,0.14324796058000883,0.00021692255843864858,0.7027479700934917,0.09116452294111835,0.000424678091351576,6.45638128378636e-05,0.0007784056219520361,0.0012149827946532552,0.0013920021864475547,0.001597512419234324,0.0035381812444592285
52,0.06737235677234399,0.005619497366307744,2.9318174740646186e-06,0.23008288130440036,0.03504213325884358,0.11891353984162781,0.46250303834107087,0.013536490863270896,0.02190798185743147,0.0002452195544360725,0.5254748874540207,0.0011605963408269806
53,0.00288805480786653,0.39035843701622674,1.3955576665363862e-05,0.688964081923062,0.0008432509590755779,0.026930972649481372,0.226530553921151,5.334382738643095e-05,0.005399175910872651,0.3018910862705757,0.0015118837686282978,0.003903612810496078
54,0.03531361976709162,0.008156469649010338,0.0032413670452880877,0.43013007350766114,0.00017702356767997128,0.01126773476540828,0.0012941374433271323,0.14703444242686828,0.35920615020224633,0.2022381080736814,0.0001538006504374545,0.058827556497950954
55,0.02257366775113476,0.07014560117535164,0.011842279178182376,0.027528357663468978,0.013409231021698985,0.7285931650976616,0.0001166515029228523,0.0014024512142133136,0.0110669090794302,0.00013891778791490114,0.0005859999801653999,0.0010468859524379239
56,0.5049357810682912,0.42266589406737964,0.00048565161036929794,0.02406382364502258,0.011266908488028487,0.00027757340283845794,0.1852780229622184,0.02768531114373018,1.253280343653707e-05,0.04236465193248407,0.007467025092303192,0.27230276751043275
57,0.001366039561568845,0.0001827012720434769,0.025873052229535027,0.28005188909891915,0.002841025900257121,0.015313221129401451,0.5144975087679315,0.013944110969235153,0.0018531946739571044,0.08666920616354208,0.6775108033751891,2.8324508950538766e-05
58,0.11923343785445775,0.0017905202509359262,0.012462010503513766,0.0008492200334033008,4.1354575907328897e-05,0.0001656379462125346,0.03248161340225544,0.0010026668829332388,0.005181148401144922,0.8065783940669979,0.013567646274669984,0.05156945656537332
59,0.4358379274399168,0.020591435199808383,0.3763405373696269,0.005050978739402629,0.00020623546593374434,0.804049325423609,0.046435567944108094,0.3644296619122474,4.423868577512842e-06,0.002458561842630135,0.0029881351815488322,0.01640645890584426
60,0.05166444163127066,0.00018599844298483373,0.22717457819195747,0.00555408819244961,0.0006708198185906468,0.023185018148536844,0.016255784703232665,0.005830305343282667,3.0922773546316183e-06,0.019201204056403253,0.2554385465720316,0.03654895215413107
61,4.5755270354581304e-05,0.9271658415462395,0.6495164296900979,0.02284981627944995,0.02016952834381114,0.27627130245611836,0.008145825988589187,0.01750019593667852,0.017065741233980344,0.10823723599092179,0.008055144950773493,6.085232548327024e-06
62,0.02208119405761105,0.0007993236175137825,0.0007971392791972672,0.5271388046742869,0.8187688098585995,0.013876342923504018,0.08455949975618199,0.33352533612489244,0.002255568522931926,0.9969284246974965,0.00020450343066377288,0.0007193717819271125
63,7.6121147653051e-05,0.32121494619456237,0.035958118572378475,0.0004430866900077747,0.07263019872233382,0.0037627637124809,0.33705798346730687,0.05817443391635678,0.5986084249430189,4.687878179820825e-06,0.0012960413123851156,0.003459486407013918
64,0.010952664992804203,0.000187443414234415,0.006627053494537625,0.012426532902944805,0.0011782357853994162,0.014878383608828526,0.8193757893762443,0.00011793703840343422,0.7604666731475631,0.2709371228749413,0.00033704501905164406,0.24211838814416276
65,0.0048326818840261805,0.0002947272459667783,0.04171849795145435,0.01554794946178288,0.2148373221131279,0.0004879904242171256,3.495882734522814e-05,0.033046269493400025,0.0019767065969270967,0.7107645368989585,7.561562163726917e-05,0.0065499832154782426
66,0.03700819212519942,0.0002520980658852332,0.0090361541058914,0.11798773652498622,0.04592169832693076,0.002107727925554481,0.10184802759150502,0.5237209149787219,0.0008551198648503825,0.004018169560740586,0.0018142568452085288,0.737718994773046
67,0.7456495247951607,0.15839137767891726,0.041113927986620974,0.009611419485999733,0.00016406386841460817,0.08711119644393814,3.312467614885237e-05,0.00015243835935528562,0.1190041587905197,0.0006222812404881299,0.7905464546174568,0.000345883203635623
68,5.1640622246106014e-05,0.02685721078284452,0.03846757840752686,4.271460272708791e-05,0.056465642610543904,0.1465386942454447,0.0002495102784275968,0.17542683574970275,0.05823398679794966,0.005707927410539509,0.14335214594459258,0.08042411875521113
69,0.00015901650407749583,0.0002068255259307074,0.009938722267371405,0.6759046162703346,0.019130372430150016,0.027164969302666615,0.0033939336946351385,0.18023494333687914,0.7734475717509948,0.04980678020397158,0.5394448546036192,0.0006228911824069179
70,0.0001407280117669413,0.15087005721094887,0.0056690117197124605,0.018438679867332136,0.03518069401933107,0.8101812407577487,0.041372524354348315,7.174379828565102e-05,0.0035424396112727196,0.01394498885822464,0.0005524177629616317,0.0028633901473286883
71,0.14471514934549648,0.15912455612699125,0.0010804855545990817,0.0024190834552706556,0.0023642435286073855,0.0035157100679008954,0.37406873463330853,9.870530481295592e-05,0.8063943371809248,0.051026454516849486,0.010947853253468604,0.2847839838996531
72,0.0005328442971751171,0.00024841713855019477,0.02689955426931156,0.2864365554706181,0.003079952653905277,7.6045377421965266e-06,0.023520025875567813,0.2179493645635428,0.7274523554514314,0.027603026128376174,0.18444561013162245,0.005084293289933747
73,0.13274193311800248,0.017163161116345128,7.418935508576543e-05,0.022345944450396157,0.004564725545227801,0.0021372599664950015,0.20324408166585856,0.0008187744277095757,1.682146206166423e-05,0.0026191354968338964,0.4726714436097851,0.030994098153738138
74,0.704888370607837,1.8675799656074817e-07,0.002776050171787212,9.828281016290851e-05,0.0006342093611560999,0.004256575404016349,0.22879143262163554,0.017183833352276384,0.9125859894498288,0.01319447891384713,0.04218030523970519,0.005044011004987293
75,0.005687200473327434,0.026927724040208257,0.010104895757342905,0.002010398417892259,5.445491209406217e-06,3.218869985714634e-05,0.015180726195880588,0.8868910062102651,0.0008116336294997755,0.003909080378497169,0.06608583482826297,0.001987373307459691
76,0.019168713069339573,0.13718938544671114,4.6606324194955245e-05,0.7168592055220322,0.09542709157716031,0.0004149567539358218,0.00025800137415619973,0.0020628888597640335,0.376328525757027,0.456525183415751,0.07798023430679342,0.008793507217004701
77,0.03364532105746803,0.0013903825475696545,0.10111043875332199,0.0016675696497462063,0.01580032508178197,0.005226178945765948,0.000989443500544868,1.8245810013805226e-05,9.864989795094704e-07,0.13470569021007012,1.3926086734797562e-05,0.1075881524913839
78,0.8796290083840642,0.002199825883127088,0.011358283914076011,0.0012200381319077002,0.234356454608658,0.0059432693406710835,0.20431026395242696,0.02491347642631451,0.13450172809871852,0.0009017601562213398,0.015501278783118891,6.141706043311356e-05
79,0.007071226657578055,1.4084463756277988e-05,0.002588381453504549,0.32669726520741144,0.20133701539526425,0.00028650179879313996,0.33456709295288845,0.9657692568754437,5.039018962124265e-06,0.10821840233972885,0.13115740440736287,0.35796029704303856
80,0.059446275118359024,0.003875310761450306,0.0003457180522562473,0.0007898143749444844,0.005775747032891621,0.3298026266234493,2.295807271782118e-05,0.01725726961631541,1.5757877415922536e-05,0.0014754950010642744,0.0012984210486374926,0.016782948792397744
81,0.023451028270513256,3.370504438180453e-05,0.012554338046268897,0.004693907715909377,0.0017436016432120678,0.8826736339342895,0.052853869859400826,0.8827094848312425,0.10353721118107659,0.001534973737851054,0.008695870700352847,0.7312964037334654
82,0.06873359723533749,0.2042304696124258,1.9573522009832892e-05,0.000336627847530435,0.5752082244708006,5.852224696302225e-05,0.002185505060832515,0.0058160242381175105,0.03064937110786704,0.00637263023159251,0.0003208355639739738,0.292715577631105
83,0.04807244398378014,0.0008959056446028267,0.004522576652911597,2.5118335368705997e-05,0.0018568972274310295,0.698098387815911,0.026296019774292734,0.20768488466929902,0.023526300732750697,0.00753577082226353,0.652496138880315,0.00015221474473844164
84,0.000606680956110076,0.5465048673849282,0.5160507873803051,0.0003321403037554786,0.0005583475570432609,0.014708805665203313,0.6089701564864607,0.0007176520735038813,0.1355901695812148,0.005501392981349937,0.1945256204894606,0.3032949324122709
85,0.0014568751174719547,0.03145516395801451,0.0004263309899351312,0.08873826984718637,0.03448865305884681,0.00011167596187691411,0.0001956567770935971,0.6827496416705856,0.0002855824865623702,0.007435250686717709,0.01768377896307519,0.09688185106706015
86,0.006862123962398114,0.9129746820651325,2.2593537378533848e-05,0.03682756048677453,6.569560838584679e-05,0.001306179714207004,0.010701267205954226,0.0006914461241030433,0.0017123183518757614,0.013574706506695887,0.05845190500590892,0.002837271842959838
87,0.005620268514554727,0.4223811244235339,0.2391446100210129,0.2879191625612001,0.015905440840595756,0.007185108137660985,0.08670295622903942,0.0008155920738498183,0.0022907827345545746,0.0016722672499129587,0.7655260435400364,0.008356320733776677
88,0.20758822134922972,0.32270575624130765,0.0023179584239402013,0.08093221664942088,0.15292880640653056,2.0806661584316326e-05,3.083077042118687e-05,0.03142094717309022,0.00022107728962602146,0.06349585549130246,0.004353396056590636,0.000627600423048258
89,0.01304909819442712,0.5465483660320785,0.0008084783108429394,0.00012582466921127545,0.0008768445021215276,0.0011215993407506202,0.7262249263311202,0.0006909962282253455,0.008935890384716897,0.20431999856054422,0.00043047448801064884,0.0014066821200352264
90,0.02264284702345107,0.0010951448603912332,0.13458201138247494,0.0023824847676031675,0.09221913329133834,0.00012610929838127193,0.7994429898978912,2.4086421430506786e-06,0.023448637650790242,0.021312640327334625,0.002733396018542216,1.632477233751755e-05
91,0.00012152728616093271,0.00010266647315013909,0.002496378591708727,0.0008665960380775444,0.41686329850886317,0.5422756023561781,0.009923271569990866,0.19280192273291977,0.023820261047968024,7.042916018563205e-05,0.13899794951813557,0.19635737187504063
92,0.0028048184776284166,0.09782684423635246,0.003624451927760699,0.032558971442852316,0.05183593051204577,2.955005789673252e-05,0.006357359220813024,2.2711459802750856e-05,0.14685672111177872,0.009431086854005103,0.014849199741138403,0.0014597865520254174
93,0.8317654663200204,0.04189511306302623,0.0012362983247652018,0.026738549219441764,0.0038622190921535965,0.4965418650851503,0.8549639690624589,0.04038930530589232,0.2768918288389489,0.0010864339801941098,0.009034769627527714,2.5910475649634326e-06
94,0.017729496546260017,0.09219563897183826,0.001337941296429447,0.001364659776732784,0.12441339062466078,1.0431361627227511e-05,0.019695863739388007,0.00035038803585976024,0.003981899714617227,0.35851060279011915,0.000909238403053473,0.2094099668598991
95,0.8317497545264521,0.004559448862864602,0.13253705525384957,0.021340490674204283,0.07298452323858122,0.00010954683862825073,0.05651576681814765,0.004610426993964085,0.9680939364468095,0.002605392464809177,2.3486168835052236e-06,0.0006260179960424094
96,0.0229366910738356,4.580806876295387e-06,0.09463693820066536,0.005632747095104253,0.0022090881837184603,0.012654806908894355,0.01417613468705291,0.14149588140404457,0.23796916978352306,9.842322388228069e-05,0.020090662010020972,4.817694838509927e-05
97,0.003608566869269025,3.117742981868329e-05,0.024625832852522078,0.00017660869769986753,0.09405218774951911,4.093710754629851e-05,0.8403292747107234,5.022097998819466e-05,0.7623983807514958,0.0030942238943858446,0.04458170708633379,0.004225979844818561
98,7.3295965929377e-05,9.309774437902058e-06,0.4664394238067465,0.03624064520074516,0.0020916677929608556,0.006816845541833101,0.04760030055717557,0.025009691990939702,0.7380532895148098,0.09607120112486281,0.007541510762018007,0.001470143849698816
99,0.06619343358173921,9.267731913451724e-05,0.4644425357303311,1.1738793199184657e-05,0.00041407998406791096,0.030978748911337162,8.456370944273543e-05,0.012574228907859298,0.4295833270758199,0.036341637515978104,0.0017226394259892536,0.003558785319878371
