0,0.27749522615723554,0.035223965365919936,0.7787383697592019,0.09786810888731223,0.050499987794622545,0.0012026052003424118,0.3574704622016053,0.042114857616780035,0.00029644528621187874
1,0.05460121809795447,0.039391011444402,0.13481163452200826,0.5,0.824691668589923,0.5,0.17584079938497837,0.2032493589216495,0.2887464719571728
2,0.5795496305232586,0.021029808437845576,0.4311587563303066,0.06982431998894745,0.5689829811337457,0.1076699807874064,0.06300912564666823,0.0023636878487177404,0.7561647517141727
3,0.5,0.8852838198018175,0.06927140790009577,0.7369587633267416,0.10461530282475219,0.9957955767413798,0.5548949874598019,0.017034172763814713,0.5
4,0.0642291847831178,0.29478981284284833,0.6041149143493802,0.0023907344403585984,0.11255935734292195,0.9552087880654241,0.09898653546449943,0.9287774828296002,0.07008576867246799
5,0.4050275194818416,0.17190903438073193,0.8104231214909399,0.31269637281756024,0.01790465764702472,0.9003299340755708,0.003290224746438837,0.8187157954859313,0.011682962829058278
6,0.2568440838988089,0.07919364644090457,0.0004944315169171366,0.08590165508611645,0.014132198493925392,0.3098761592942296,0.8732110621709056,0.18306764872172926,0.7678885701217762
7,0.9527297112794849,0.05469470346133435,0.5144062564022889,0.5754919554269257,0.7266339758229368,0.0167747844713035,0.009599534079517868,0.9986194987337771,0.9181627047464217
8,0.30591680636140073,0.8927985733224676,0.7840987967975659,0.08359548955247652,0.8232757965001215,0.824727559925881,0.007076765058923572,0.021071639185415634,0.2004037218844127
9,0.5,0.2413022290624091,0.6844571871541234,0.27428493078670446,0.0005132238586982692,0.967317196765454,0.5,0.034247061444816505,0.10018940913572381
10,0.2252568805800595,0.7207987896317487,0.7525692386313146,0.015266929010523088,0.4284785387608611,0.8282834786980003,0.5,0.8237662272095992,0.09594982617654932
11,0.7081570253517206,0.050667182806083094,0.026944386541062834,0.8120873284996802,0.21734923976469267,0.2423430074232612,0.8281060964683042,0.8724050064995006,0.2607061074287209
12,0.6704989397724817,0.04595865064481129,0.0030971418942279264,0.0009411943939749205,0.15087972603072225,0.21924847641513695,0.8456691364221678,0.8043273548939646,0.14616170794503502
13,0.17500470060616927,0.6887718993272914,0.10527177120151127,0.12217537149089057,0.4123212974960013,0.061943435090685395,0.00037033371866673293,0.7096135006446918,0.03782973046780037
14,0.1937101895840692,0.06262446810585226,0.2306261057374892,0.016406281553398454,0.518392033149206,0.1251118382521025,0.2517628514135521,0.892258161656168,0.8014962695637661
15,0.07290286939428053,0.13277075418518644,0.036612965365041876,0.013358722852667348,0.5,0.22289038782186077,0.8246916685898963,0.9915732503103106,0.0010640368073142113
16,0.0007664695681024246,0.004261587695675513,0.002305798596511215,0.3816042763167609,0.5,0.3999430934959525,0.674317655575267,0.04572462701203857,0.07628781213150848
17,0.006988993891709526,0.5,0.0004356978550558183,0.0012193159443211214,0.13003541036179994,0.12789888556724877,0.015937384721459936,0.27365331761316003,0.012418122832542063
18,0.18132830869097458,0.006139486799593105,1.918103670548233e-06,0.8554514351145249,0.05604677817136917,0.05688932564087032,0.17530833141029328,0.11844640968273065,0.5
19,0.005114654116187377,0.013968038606154635,0.154725016099478,0.9069241063929772,0.14179510322838482,0.532060649974508,0.7010989822612533,0.013022687711730504,0.9478587549088775
20,0.3484871266551751,0.22876715482739268,0.8918449733940672,0.013057902817436351,0.010452796165727557,0.023699871466378284,0.5294840721194791,0.702764555895293,0.5
21,0.019616057675401047,0.14448329649078592,0.3370662358406534,0.1282105633099869,0.036132800980020405,0.006501580749218355,0.24867859973983564,0.004486433583968668,0.04510753623646787
22,0.015515391474448624,0.32429883666088977,0.030510562196738252,0.8246916685897835,0.826587581317958,0.9308139063347939,0.004227928169502964,0.10479592924516441,0.17509735694248993
23,0.5,0.17272095315314626,0.8419277384515563,0.02090329737355504,0.001181923505582355,0.039783612825709254,0.2647891656116258,9.608524441240903e-06,0.00042492880729757106
24,0.006882743286027816,0.19700222515115795,0.0652411466903158,0.23972802584596553,0.9925940762804489,0.1967644924066234,0.0012622447941873503,0.026618530647981108,0.5
25,0.784959014661659,0.9443485703918759,0.160620999273644,0.8247032469331105,0.07928310994031383,2.1858377765266398e-05,0.12675051281817654,0.8290242069046172,0.021052710317241697
26,0.49961545738864005,0.5,0.6987826785491617,0.0014942076399778932,0.259971446642958,0.6088978005715158,0.0064266963661419605,0.17652882729339928,0.0003603898002829727
27,0.47805908802275954,0.009529771826822091,0.11456723524035568,0.011797751832351553,0.31616638733233915,0.0012486891889523103,0.23982408946020206,0.6386103281542768,0.7812925840957841
28,0.0891959144225905,0.005782907990316823,0.009620581493192537,0.03688016122913236,0.18470702261104713,0.09826365163883713,0.3800322953362339,0.019029256998378347,0.7186605794097329
29,0.4739102720491128,0.029556136104590243,0.5,0.8560819247388523,0.13003704064910182,0.9004131211808919,0.19705334630437432,0.09685430940894617,0.1588699443274735
30,0.006525506787965718,0.03303920996587946,0.15767161399409887,0.10053070850732716,0.9126524156841934,0.0035202697315305288,0.039686616346533324,0.6988440670572535,0.8110183205970296
31,0.023179141448395894,0.3833755486283979,0.0082956523597557,0.07206749508235927,0.07943742053193258,1.084536955139494e-05,0.00042968135604805574,0.2021019644768498,0.0651350881090477
32,0.7163341357352021,0.008381509006250468,0.18919073342124373,0.013480037640296656,0.08618085233418316,0.9274519804430292,0.9026053942769916,0.003076179203885756,0.001517804562193013
33,0.7078552700670568,0.02955824562351385,0.24902781780816413,0.041461654369958925,0.5,0.3557635554361154,0.5070662565531349,0.7342388120117447,0.4522064999291388
34,0.009987446276407307,0.0016062428933795848,0.36908808805627424,0.042737255969770856,0.05893576140539272,0.07921608351208186,0.5737748858624196,0.4241715877947371,0.876464879974574
35,0.0016255642763696593,0.22842788689071847,0.3390566641191556,0.05991612220730196,0.29872917401551546,0.9410546928092757,0.006979438051337904,0.011148330717681563,0.5
36,0.11023753474011516,0.011906649754295067,0.707103900137293,0.7936767778510796,0.0011045794315992076,0.44622058221800365,0.04082243948087945,0.9602379892573538,0.016347570086417476
37,0.003696738350755721,0.011599949983135354,0.07519722973800597,0.5741127561930103,0.136485306720928,0.09450182630909934,0.5,0.2055736869344965,0.008410605120155372
38,0.5419404795019711,0.17775682019124367,0.5,3.0127785390557285e-05,0.843560401625762,0.40699467105029075,0.0431921924686693,0.029997379180036744,0.8240702005085918
39,0.5,0.8845635258514823,0.40548639293594757,0.0004575778479388963,0.018105591908577474,0.053576691993154325,0.957190335718512,0.3332663055310857,0.021083795703868178
40,0.9090706963340699,0.7679334315600601,0.5543321223375393,0.5,0.6650858420228121,0.05267357757466566,0.0066965051183870685,0.3135509144631824,0.8246916685899038
41,0.014623196752963087,0.0008663597167789898,0.022765979855688786,0.7037403863943206,0.02278487748755864,0.6600181654208519,0.5,0.03264948103334737,0.1828350082248304
42,0.5953123434037607,0.08742261732070751,0.06671278963205277,0.8988945218578972,0.007264422717517264,,0.0023046303298508994,0.16670431645584258,0.46555764835340774
43,0.5,0.04135060743012922,0.006162901396188613,0.15524737984981807,0.018833770776919754,0.2725879090390766,0.013137001582445622,0.04474045340673777,0.006048286738310789
44,0.5560701867910416,0.020001620291910126,0.0029407547628195214,0.2396575331734765,0.09337576707606694,0.13257324538642287,0.8806757283283642,0.5,0.27381831959666847
45,0.9978551256159527,0.9886651137478423,0.05536861535021449,0.008686754119277875,0.705129734753744,0.14070071823435923,0.6969783380696432,0.015463183397747746,0.8450833855835171
46,0.5891479173411329,0.5590244722968892,0.034474817570308784,0.07775575626132139,0.07720309184191902,0.25060937485445056,0.0060124324498543975,0.250048351377937,0.005518092901846482
47,0.07405868225862909,0.11609803178637132,0.003857659934798213,0.11705037798790391,0.008155435871901057,0.8246916685900261,0.015880263637058877,0.06511278498047615,0.027891276795083856
48,0.5755621367706112,0.3887760570214192,0.5992964976572801,0.9118624234799404,0.17530833141005323,0.004669469430448458,0.012168218696452718,0.4490648701667894,0.35811888922652824
49,0.09096285833318223,0.004127486872754136,0.0027155689735793927,0.38110265195952,0.07834403265491117,0.1210357030073671,0.7801038757274852,0.004535180132121709,3.029331061820767e-05
50,0.06591600020139417,0.8246916685894741,0.16237946678650902,0.16513594912507415,0.6634362016641763,0.11245890980286712,0.026251469745974993,0.44637681732570234,0.1144619040912145
51,0.26344917180041827,0.9247345634851616,0.5,0.006292161932487112,0.01915817716088801,0.0009784245691123762,0.04945327113914132,0.8447792386195766,0.009094317011501613
52,0.16263528414192124,0.06299644053699721,0.12477285177180707,0.5,0.03150375686827115,0.12827449391632706,0.07574460492532432,0.28596831686788504,0.262818517363851
53,0.708913887669983,0.29256139224304306,0.3129064538346005,0.025850257233984212,0.0974237608907168,0.021491429579987963,0.20090067832624428,0.1753083314101037,0.0012935159846499088
54,0.07160382889951296,0.20627765510737628,0.0006571398447489805,0.04588104684024462,0.23224385436912975,0.32556385979497915,0.06579224753676009,0.8194283381389635,0.20753720265290626
55,0.04123384622738457,0.07608740544896156,0.0028527188567076893,0.015245991713212403,0.21069428475848673,0.4693218577948477,0.05202821755472704,0.08366687964159814,0.7418741670243835
56,0.025067150049627573,0.8046835262016454,0.38164200474516147,0.45767975078052014,0.8791646058154974,0.007157445795623259,0.10659846549692112,0.0017234873891847702,0.8199355455905772
57,0.038580221830534424,0.5,0.44518707521410683,0.03521817880332101,0.03389813700291557,0.14932455726429583,0.8246916687360921,0.8411356139199548,0.9504407772849649
58,0.0755017454997307,0.8070847656856364,0.2971718500613383,0.2500743396327396,0.0017793750138228941,0.004020220960282002,0.8216919810757907,0.05614919423623268,0.06699129137728375
59,0.010202174356943924,0.12517936415502534,0.01747996462127542,0.1072642754948092,0.06431778717771024,0.1832967350561182,0.824691668589889,0.17675156226094796,0.14805464054387868
60,0.02425614241447038,0.23500097975772832,0.17390584536635084,0.031500989241204154,0.03993683406412192,0.006278627619471637,0.4516105138202266,0.8630906063023084,0.45868388873009075
61,0.00567937214040624,0.27215345326193763,0.3865296428604611,0.6802755051555539,0.03047400829443134,0.9448431703282835,0.942051608626594,0.006280107906305351,0.0007617233236506358
62,0.23079534193479778,0.05662743766424726,0.3563001263273365,0.22704878955842467,0.007491960180705753,0.002752539697496243,0.06625625560870389,0.8708110640245801,0.8246066246065451
63,0.9587351903358585,0.833655513986579,0.0314416968856414,0.07030872461143345,0.8348169299336818,0.3648910115198465,0.8246916685898963,0.010889414623898024,0.01292491792270776
64,0.04665017255134422,0.13976587240567423,0.848649604148867,0.5,0.08647542083417764,0.2942427887433341,0.009039711666072632,0.04082473680886746,0.9264322139820778
65,0.8603221704623418,0.051177300263204745,0.07288245258914451,0.9450480984696381,0.8643086352266016,0.8246916685898956,0.3140890963480946,0.843108158097078,0.0475357560692019
66,0.3330717062565566,0.9802670119712539,0.002055820106935401,0.8444717724649284,0.23352200050406902,0.5776126503887273,0.0023027613608411954,0.006476059153669833,0.16999340308329422
67,0.06764404260222508,0.2898236384088312,0.01556132479577918,0.7849356907314524,0.1444312648154056,0.0954348106910644,0.0781404504748671,0.10207797380863616,0.020940657408099552
68,0.27885480224517556,0.39631245557046163,0.13312199247035686,0.020670981153109717,0.7080063262376459,0.10179741397554254,0.7611065067733389,0.5710822544457723,0.1509501062440357
69,0.3524308845606493,0.048643491717615533,0.15476240817720474,0.11092100135561268,0.13353857980173328,0.49951842599731794,0.5457678075348129,0.004365868832727142,0.0501016720477329
70,0.6113149599487475,0.00218111644843972,0.16577480148228743,0.22123379058683507,0.5727627149970205,0.7556998173246621,0.018551307047201353,0.02668316784829443,0.0008973829312818263
71,0.31078346173480464,0.0017849589469219704,0.0032249818809005192,0.8021580626747438,0.2607713970616158,0.8704114351038982,0.9301470048201224,0.9778049928134037,0.6666991528015327
72,0.00342165262024797,0.07299007946371587,0.48341114441990407,0.14907344082060006,0.011665871419526722,0.08220688348377453,5.042551628844607e-06,0.0004910135138586,0.014307999726584161
73,0.03174195019855076,0.048401000919840884,0.25300835269329386,0.3078657442288105,0.17530833141010277,0.0310004155240845,0.16771118924339992,0.12337284374115652,0.5899440525936901
74,0.917109133254728,0.003023069828837494,0.0737683486859449,0.0027148747891246206,0.2661779437458103,0.005860198697245417,0.8422543583800952,0.7404952701654406,0.2750715062814543
75,0.08646262191850142,0.33159089185619084,0.018724688667490445,0.03673029967873401,0.060991815944795844,0.18362088825122247,0.8263418866449221,0.007807993751757291,0.059974750033303076
76,0.8382554009117337,0.0497353723437264,0.3243610312638391,0.5913295437648249,0.00015090933343063913,0.008963422142962555,0.004253740094238947,0.02323608866448256,0.01988099528544376
77,0.26839684312478984,0.02951019283481276,0.021831748465253674,0.034187676111891496,0.5,0.7996158855442589,0.8246916685898937,0.17734920384390807,0.22211718829574767
78,0.8208742983286641,0.40001680928458627,0.17530833141010568,0.008782843246271257,0.15207269332119672,0.8279531845559736,0.5,0.05822702208675267,0.6006333050016515
79,0.31295458535176074,0.5,0.2702316271237407,2.8177679348487676e-05,0.0007826751240735802,0.9087699308666708,0.00963881480688464,0.19676988862278302,0.0259527316945745
80,0.9518971447897092,0.0043709789987151,0.9655491950099918,0.21621906454072626,0.8799389506199202,0.1105069777044711,0.7403650131592147,0.05864741024617738,0.003821231090977898
81,0.5,0.12784103099349242,0.5744147323865699,0.17530833146650923,0.3691336499845295,0.128777519531096,0.10920148824971476,0.1753083314123975,0.06068349447385784
82,0.7378209845365209,0.034523532200522664,0.1146997364826184,0.16125302395422114,0.09083081261302356,0.21233212013329816,0.5360578985948543,0.6720120536820897,0.09570628020389783
83,0.4137299983776732,0.409972340502417,0.49330251644021805,0.8194518590849322,0.7566983993174843,0.41158027487385945,0.17588354641203552,0.027573139989871917,0.2480766787376304
84,0.5,0.0760529192396087,0.023006400248437354,0.5,0.35964933526575726,0.18211853009835796,0.0790072472260038,0.0011592819904551353,0.4492171207474668
85,0.026943617955146607,0.8246916685898966,0.6330926989762233,0.5493883899220593,0.41793540261410705,0.17910547183743242,0.5650118471380956,0.1204594971300886,0.5586208778820031
86,0.00012778810015725263,0.10889270425056577,0.8590949648790824,0.9835094933065578,0.04699270157719076,0.8105820897906173,0.0022552987336358836,0.00045499126233212333,0.5600086611388319
87,0.00013366393497876052,0.06500438149008446,0.030428507443412123,0.08084783056862943,0.22350769169935653,0.1565115209755763,0.21631599007257868,0.012484228644853034,0.045794104247568815
88,0.762337552045395,0.07618968611828485,0.07837976932971605,0.019162878147318582,0.04913466494635859,0.009041660757496043,0.024250308163287094,0.06839386192674494,0.04727977893965961
89,0.01731994861700779,0.14649823165469683,0.1576750075728963,0.013632695960343432,0.07764187520359597,0.5,0.38090164086108136,0.0011738939075100247,0.4594288483825884
90,0.03240374066128487,0.07896741343722498,0.006066176324294101,0.11908227178121307,0.14554141244476448,0.0006333999063515065,0.893615315688236,0.01197337079148342,0.05165315389126424
91,0.003487015752572196,0.21105208137424641,0.2555502121971592,0.38294546340176056,0.7517974452988672,0.02950995981271113,0.7211775088410469,0.012764818143662718,8.16926552958223e-06
92,0.0008617967563413468,0.7839483543949245,0.5,0.008124101162951473,0.0006970715636493786,0.017610826808070707,0.10154236156466466,0.007268838212296117,0.8597122796852147
93,0.017670417451634925,0.8679358868403706,0.006947784200541047,0.00017115722182858907,0.824097920645714,0.005985380708870427,0.05100550367691082,0.06349619248273362,0.036227277934650436
94,0.8529864096758427,0.5,0.5894668112899097,0.5,0.5323003175883881,0.05868179246741935,0.02090128613684105,0.0014712918237608245,0.36260697098885686
95,0.8246598402636727,0.2069900524242574,0.004834434098730878,0.3379274256743342,0.03710278324586024,0.9754568649640493,0.9214666899540319,0.22101916914161324,0.044679039409409774
96,0.019711518453744026,0.32203851763252167,0.327052302741349,0.7002273957223579,0.17051926567665596,0.03571495132152494,0.0072468267811437925,0.004461411586573385,0.07623793893456124
97,0.013890660659816723,0.40546574434317817,0.6010215055949033,0.004362949014987856,0.5,0.8343609578013177,0.025634401491938068,0.12507090806652912,0.17709730863390913
98,0.5413861758987462,0.14883729643386437,0.5,0.00163957883591144,0.13277491377330194,0.09582480585142392,0.05175823013499422,0.5,0.9166851136845688
99,0.013541309921205062,0.27874734625599107,0.06139062622708681,0.1753083314101055,0.04564129178512126,0.34986720304679386,0.002227739562215983,0.7946618348890542,0.050229642284388094
