0,0.0005047430782701185,0.0038821956686429632,0.4682646215689605,0.0005146158606357461,0.00013021770847148449,0.001995096094017439,0.00010465847042346909,0.0013155149207758523,0.5500329260875935
1,0.32808583037318134,0.00014159218318633517,0.8162009343739043,0.001628075124359098,0.25751220136702585,3.7904563930939277e-07,0.11620705298850624,0.010685608766968741,0.08643302234847902
2,0.0017072635027249017,0.0012282534768685148,0.5803004448672789,0.10143965370156048,0.00018772694534651741,0.00014301671847625631,0.44277061015551156,0.013885940962864269,0.7109254516773827
3,0.3734383363934528,0.06800474090280602,0.02686197852527019,0.00019642573051758833,0.004397698230146509,0.00323463280601012,0.0006899452487267592,0.049082205458727074,0.8011570838951626
4,0.194571764683429,0.00024373865348617643,5.6846249596373664e-05,0.10398164207260914,2.8049314229444674e-06,0.13809512516992,0.000910280856509644,0.0029965060419510324,0.9317726042625236
5,0.00041169216447595636,0.0016647388019267954,0.0019518202601388236,0.07092033747787002,9.052919197261398e-05,0.3541186085143291,0.003837154503151796,0.046683037953929266,0.03796022796179759
6,0.0017119015651537572,0.05900444719371521,0.1337953967225419,0.5673133064848759,0.0034282616646003476,0.0004397268421443566,0.0004596173666919049,0.0007612888445923165,0.8463265045009153
7,0.004839753676797521,0.04839429566867833,0.000799043501263811,2.3223142003932882e-05,0.00017797458462511938,2.4630738923933244e-05,0.14753593625001268,0.008295071524768936,0.8124669486902327
8,0.27500475388646484,6.296205638512262e-05,0.0002225341122061999,0.2062089418799085,0.06284841531546385,0.0035867871032619755,0.8606307083731669,0.001826611527482117,0.9989116216615535
9,0.027787069709362577,0.001319910273950876,0.00015390426128935157,0.00011558568923202254,0.007195014565075748,0.015725597136920937,0.9587270851041535,0.0016992591281447074,0.09454358719619621
10,0.0018613134459050705,8.409120808138592e-05,0.6462039264363023,1.6132764541476685e-05,0.0012523138218789452,0.047761530780180514,0.014810986276986196,0.0211381406179414,0.5287593402700472
11,0.16022798001801464,3.938190793044835e-05,0.00042342297852161265,6.123543093756107e-05,3.260023602055816e-05,0.05836647408491359,3.453480021858297e-05,0.010729805211868768,0.09264058426146984
12,0.002876274145452853,5.1345705354854816e-05,0.9040283853527491,0.03277795872593018,0.0015955890894916627,3.518694066884139e-05,0.023393858350844943,0.0008325000821756669,0.42706223756628814
13,0.3852883348782385,0.001664291993565453,0.003853703030563823,0.21563794738873,0.0038510850680265503,0.0004448685469744558,4.544232785412011e-05,0.00019947401612655693,0.8153108879555453
14,0.8315964833433421,0.0004800385169416251,0.00025289759964220414,0.6231984195888838,0.364661992912765,0.0006238768917013091,0.0004694418066957146,0.06716441876610796,0.15714285401111067
15,0.02655281726414418,0.37633354735560426,0.0001668477170598377,0.035522632027314954,0.23164058176565727,1.710888916128144e-05,0.018309825878102464,0.006989644387422895,0.9029118121299593
16,0.0004564763669182275,0.006693010097657326,0.30368550798240546,0.9129580472720823,0.011806480377214748,0.016291006620411247,6.0032822448302744e-05,0.009571555773806934,0.23865778956935418
17,0.003072712341769821,0.0002267604872876497,0.0002724108725143993,0.020905708005846364,0.11515998661038233,0.001610882092264381,7.085466116068948e-05,0.002096769244669972,0.9708876183668256
18,6.2103712787011934e-06,0.684190248505108,0.00579125635488409,0.5510830577978125,0.0005649890799228315,8.909802220179678e-05,0.055895158458238774,0.023399396736806622,0.5157526487108902
19,0.00014034381008725964,0.0013203005307617572,0.002050515905582335,0.10364036854789722,0.10180178334724131,0.005746082289860513,0.7772959640228925,0.006659153785769187,0.643810813915867
20,0.00936830553310195,0.00014486238565433155,0.49941567342524706,0.004190555729731032,0.02637609022458742,0.3854156276230754,1.2095237474565683e-05,0.031124868732501497,0.8166790714535135
21,0.0005333440307046681,0.004041676039917555,0.9392601584788292,0.0026468212276747095,0.9967792361275112,5.931583354880089e-05,0.003915763621368606,0.12328407556881422,0.2330243113762393
22,0.003307404396339952,0.002975251003026866,0.0005487167237486612,0.01937564207270621,0.006599283590420201,5.2461334928363626e-05,0.0004984396071124494,0.017682352579502226,0.03293873167249833
23,0.05625301033462997,0.011156058202229872,0.002257271707687616,0.006151840384542786,0.1380813764613907,1.756505138261013e-06,0.003731479521712292,0.026646325984166466,0.07708410793955917
24,2.315717638723343e-06,9.140048351648716e-05,0.00034385941609865587,0.0746149247848073,0.001177252883059971,0.239283289980531,0.35212820114536075,0.00032358077707598127,0.13985554597096506
25,1.427634588466256e-05,0.0002849330921280792,0.12025150015013811,0.08391171389687618,9.84496696349124e-06,0.8040540046670623,0.0002110550511223842,0.013273666700073407,0.01721050765152499
26,0.07309353616454468,5.131580357148558e-05,0.15385059771330203,0.003064332655771057,0.3590845857560408,3.161020492952281e-05,0.03991369185958025,0.0018802364840587703,0.06904882712764296
27,0.0009495914605851419,0.004850711375249301,0.007328547905912607,4.207831840553598e-05,0.0015910547576180685,0.0008372476933782069,0.006044224327315705,0.0026698802061755804,0.5472282506535872
28,0.01130729522630663,0.0009401357543139522,3.7559284168620734e-05,6.104860790391048e-05,0.09079730575469512,3.977879972559086e-05,0.0003847217270393163,0.00681046298512552,0.28454309412165885
29,0.7246881176443972,0.956894200671292,0.08950053822818724,0.0001745380377814146,2.0443157520106722e-06,9.93417065850689e-05,0.32354901298089117,0.02670442495514671,0.8967365605804556
30,0.38980565656259536,8.5161443535411e-06,0.00025762524970210767,0.0004922213137889471,0.0321753744610798,6.125630334216277e-05,0.002016451482341937,2.8298888471392153e-05,0.020285637168228163
31,0.0026689858045260808,0.03521957242867279,0.4216738669342498,0.44446663367069006,0.07898752015655953,0.00035485546940170046,0.0005842547885455111,0.014946371532173017,0.040000377350639924
32,3.8021863052592155e-05,0.00011279275562913928,0.005698785271644285,0.13360297979239275,0.00011337338919525927,0.8654215255229867,0.21970037122993796,0.0025949763209107742,0.9722707617104582
33,0.011646432302749359,1.1510207425161159e-05,0.1983881644306697,0.0006420361883890017,0.005367907673634639,0.0061513491180068824,0.029724554295112435,0.024447911258801885,0.6057088089871795
34,0.0005094179825934302,0.5105195524003033,1.962723186872365e-05,1.414456632586768e-05,0.00034307830125872594,0.010685161229237088,0.004427012675864892,0.0001331686457469771,0.9813932943637015
35,1.9365582517208073e-05,0.00010315400050817532,0.0003068696502367581,0.00016559093871371333,8.284939558611796e-05,0.5598546604968616,0.0029676073935994245,0.049323379940098284,0.8807731893199839
36,0.00014981698996886097,0.00010632878900487935,0.0001668404712976809,0.011278103272281634,5.917444483868667e-06,0.008556938684045678,3.0843446730166086e-05,0.09628406914090448,0.1251324438955942
37,0.0007884794041895663,0.00025294327156759105,0.018642778371751663,0.03903006085400494,0.0016432313095396014,1.2584708495303726e-05,0.2535635020998585,0.0010602499371238493,0.8099706937181232
38,0.0006052141263330258,0.05418130222708656,0.10444972332972859,0.0024839670378279132,0.01513494382678561,0.0006475072720372766,0.002634828400842473,0.00011928897218274075,0.6816418377000917
39,0.0002645773165479354,0.0058947044383594995,0.03396863499225577,2.9564417772735084e-05,0.0007181355737369417,8.521181863604225e-05,0.010535660981399216,0.22296735115169375,0.40165831308105127
40,0.0001433888848849608,0.00027501664388246573,0.03372207891508075,2.1964497466233187e-05,0.00067486980497142,0.028599845224681588,0.0077614092134699435,0.003036872006589605,0.2681429939027803
41,0.0003643667191424592,3.3797713125944684e-06,0.001103966227367288,0.0005009570216482503,0.04677840776697672,0.05570390700826916,0.031762887632864084,0.020684970538405286,0.21586177782930877
42,0.0028168507319424442,0.0011635189319219592,0.0033281873983707433,6.188799139957535e-06,0.0004011597379015933,0.00042672146749113404,3.651631402709008e-07,0.022567738823417834,0.9816947509068767
43,0.0011026528520658187,0.0022654531571176975,0.001428953218149373,0.0002307344635707141,0.007762028034307231,0.03963598050276728,1.0164215274351908e-05,0.0059225211034545705,0.16633499893798434
44,0.5971299137043502,1.6230060670995834e-06,0.003185656200511429,0.036221117658233465,3.465084084667288e-05,0.00028378244411220274,0.00012191952791419727,0.017948365751010498,0.10750233098169877
45,0.0023938220124854735,0.014754252548113548,0.8613799283374133,0.00028367643825108284,0.04008901230631559,0.0010161862452075236,0.0002149542479860954,7.135001067757333e-05,0.23496377540161567
46,0.2627479702508667,8.51150715888481e-06,0.02044468002350216,4.9588508345923895e-05,0.03807368858009413,0.007930725183263114,0.0004769607362657685,0.15774636171701184,0.9109895826348464
47,0.0018322542234631167,0.00022440896949536864,9.516936869124212e-08,0.01370123105176306,9.507417506514069e-06,0.026713368005234096,0.01437980711187336,0.019888880884031155,0.19598359284877276
48,0.004996683946973038,3.054092096994784e-05,0.00021222825948896467,0.6251700178429258,2.7289981238169913e-05,0.012251205814125204,0.016539343869568172,0.3338971793719897,0.19556754307787333
49,8.031959839398143e-05,0.0008607499792608117,0.17324985051875819,0.20925974415549747,0.0014040206424192202,0.009582368081323109,0.17554729516680145,0.00041188669516093634,0.020831433339335088
50,0.15571171255332472,3.4719690881884936e-05,0.015706325822009218,0.032154155679443554,4.75544403121589e-06,0.00012777984267632535,0.010032099774295995,0.0004023408256237265,0.19129337771753374
51,4.768011091945857e-07,0.000907714964892736,1.3755961754098127e-05,0.0003930971383395543,0.13268286028674162,0.009904034820805655,0.23515630234341656,0.08794093003014579,0.7304812500932183
52,7.219770345741703e-06,0.004625958085392237,0.02487941888005018,0.0028668495799464505,7.66169799823323e-06,0.00083068759426719,7.640518807053378e-05,0.045861284392714516,0.019225095227812586
53,0.00034307673128509833,4.679892687448532e-05,5.8483781062460976e-06,0.010374479901719176,0.006510468668716947,0.00804361279665327,0.00030455449515263017,0.025568756550382023,0.16280900801878043
54,0.0025573895975537883,2.5277996003558813e-06,0.026205517668412486,0.001497340907725143,0.00021901938949584133,2.1730336919286114e-05,0.007240339843369315,0.29036825266139765,0.5976438858690891
55,1.4191125053424513e-05,0.012499882582844755,0.012739084357805597,5.8916288986163466e-05,0.003054621062402578,6.434565846758102e-07,0.31593587296293546,0.0077896781439388725,0.2561832990689238
56,0.7262780372940452,0.00026576126529282253,0.021686061587506696,0.0012407122517156246,0.02473585208074966,0.00027040217737632765,7.361716641628865e-05,0.00042207397787905916,0.031588183360086765
57,0.8892054266577537,0.0304449366787225,0.0008897773583638981,0.0011358317926407912,0.0013732713216849572,0.30504796300386133,0.018278437439044604,0.005357439607333931,0.13127338435556407
58,0.9919569635526181,2.990252304502653e-06,0.02967781546981488,0.0011310658952026335,0.05564662239199311,0.0028560473562980705,0.018754681225812423,0.03679335879400743,0.28591486281210104
59,0.5415836863281176,3.86321455455799e-05,0.490652780350368,0.0004385453089767699,0.037094461719784186,0.8427568792496183,0.00010582297799494126,0.00552625110627689,0.6062156575847953
60,0.031170214259335784,0.9092047505253111,1.6492352786780985e-06,0.002359107455380089,0.0012567486863640886,0.05272129326986379,5.2717839984270816e-05,7.15767098510733e-05,0.2578023823138902
61,5.56558750695557e-05,0.001149600941955925,0.01137387747977545,0.00044208451497675496,0.12288861393792488,0.2861744796473714,0.00013721274305189183,0.017619860346427697,0.1420477918743806
62,1.0332573214275191e-06,0.042895637179862486,0.07775122798748621,0.0005633261567358831,3.098543704206884e-07,0.046637201909965696,0.20126666984247715,0.10340239994049345,0.8892130829056762
63,0.002639624751512456,0.5491738935865422,0.006500689513034834,5.2030002870329776e-05,0.03229826666324282,4.232102845109889e-05,0.0754260847128608,0.0028941350965761507,0.10448808018272691
64,0.2792889501550194,0.18943985744988104,0.0018662561138542819,0.03429050200859247,6.884000597432165e-05,0.0002858071748202291,0.008731492625896616,0.014778630621672397,0.999062363454318
65,0.24286896189716395,0.04580117086426648,0.004779711090348438,1.0466739159815085e-06,0.0010365814682176944,0.08111673716707724,2.9060794501577043e-05,0.12479211450474267,0.9986489656662799
66,4.9264255841705116e-06,3.858691244537862e-05,0.06840221227218059,0.002044089680780728,0.9706700617042918,0.24916826527305502,2.327505701607775e-05,0.007106618380792844,0.47781299481001005
67,0.00218357088986077,0.016385329370069406,8.792644693258678e-05,0.9415799216838466,0.03158076418198153,6.502292943192448e-05,0.00017948795561043476,0.00023914469047533983,0.09908425432972197
68,6.062010525165389e-05,0.0006398017605212845,0.00187041161178755,3.474580972427632e-05,0.02676619500302011,0.006941797724380465,3.0975463404008675e-05,0.2547370276205675,0.04659899611107791
69,0.0002700437071932816,0.0002132892942479883,0.0052042145162272645,0.00044611068538081986,0.056625847079537724,0.002236945770807923,0.15639280440754402,0.26660844209220136,0.9803115749087202
70,0.001043292408591215,0.08232833359659618,1.5572063780481997e-05,0.0007212559701520508,0.07937486831184776,0.01463860192294196,1.5514147764359892e-05,0.0013479711488311155,0.10851078241512496
71,0.00197416789329676,0.6043951287688131,0.012054677160305343,0.011263041481307898,0.010262755672271542,0.06846256430332706,0.0010902927313380872,0.005049659116990518,0.22640642641054448
72,0.000696613614987474,0.06037548156378524,8.930671548406245e-06,0.11481786631625224,7.367992503384644e-06,0.006262455517971571,0.0054502607629593755,0.6789134289893604,0.8064478441738948
73,3.431742203217421e-05,0.0003520755394244674,0.03806761490994972,8.515927348209692e-05,0.8873948386584083,0.002151685187797602,0.0006421577122323656,0.004115230681527602,0.3896825420992694
74,0.0003035875918875021,0.04646444506323164,0.0001494774044974388,0.018814036486008746,4.068480332705992e-05,0.1342673088086511,2.1666268532101183e-05,0.018694161149527863,0.4492052972784819
75,0.008351594502506736,4.413299654522393e-06,0.2092367072194407,0.0002804408113300892,0.9984265660778531,0.006169261613731844,0.15731907230509792,0.03594807781360884,0.32566614528607524
76,0.00042660350758591114,0.9661071121723924,0.06991977769364344,0.03383980369747545,6.462904643241403e-05,0.012595070562046135,0.0020388919941046273,0.0035230020973217395,0.45500610925081353
77,0.0004993513775704608,0.0006245513525714746,0.003820499112246323,0.0002075227536952611,0.08013214537450274,0.021813892780144468,0.0008814820579131882,0.0003615279279589787,0.8862723089099173
78,0.26021429526966405,0.0018781072816973058,0.031887652387578215,0.005339430096668565,0.005796100904403921,0.0032853362974497717,1.914125352026833e-05,0.039839909003457075,0.2075809165620479
79,0.0011397455895460202,0.0006904151476263519,0.898438220848999,0.14267136872827724,0.0005236206730312607,0.09511254054766584,0.0019474447211413112,0.1616201494917979,0.12290024604673296
80,0.1349133980366992,0.0006028752074700336,0.0003834235793909665,0.00030799549321761566,0.8687575331727476,0.0003763557149132308,0.00015793719851881096,7.398009007598651e-05,0.24467810768867027
81,0.02502801185295575,0.0004874598306115054,0.00031616843897015225,0.7681708991613283,0.0010128652871822276,0.0006980370512162865,0.44953200341325905,0.00428839084295569,0.13267309939055516
82,0.0018748853842365752,1.224409970718724e-06,0.022230825949282263,0.00039119179023864366,0.003208218604974022,0.0027701290624405983,2.0319378048273086e-05,0.0629397846617089,0.08754292317901836
83,0.021519062225665776,0.011985565855153119,1.2512262832157026e-05,0.006328977916838554,1.2699482393937816e-05,0.32609009115375265,0.0015397654507268846,0.03175732012050649,0.4614248330874111
84,8.818767550336653e-05,0.9985300257727636,0.00014298914614559326,0.005439132956581503,0.0002580098623295695,0.00043501166616739063,3.5639562206809836e-05,0.015046473819914485,0.11819968254267686
85,0.00026776027010383255,0.0010915901671311294,0.0011080467880724791,0.27643011443612786,3.26394840130416e-05,0.018645440416226098,0.0006152087024535489,0.016650921818570634,0.2436231768537977
86,0.00015947383438367786,0.12676213626542912,0.00853226369379153,0.05029740744106303,0.00012748585541183237,0.00014001005730687773,0.3184931341185543,0.0013510809054211677,0.7232173093464956
87,0.00026022081435017385,6.394590871647093e-07,0.0030165988335369366,0.04959686211283317,0.04338652877810249,0.14048135075968776,0.28022648226726266,0.0007553847794057669,0.1548261551345002
88,0.00015524276691715827,0.0013185811500172153,0.024693086167341744,8.704291246467627e-05,0.00419556023672967,0.010707823301852605,0.03745574322473421,0.019098568393505516,0.08653745386591014
89,0.0003530379842036923,0.006250417467731781,0.0001605301018443741,0.04532104687896701,0.00019547425996594553,0.004044584402724441,0.07506205934918349,0.007483857705111662,0.04710664837130244
90,8.435072237724928e-05,0.0005224784457325668,0.00016118359621070043,1.6760618259905127e-05,0.009245597169455451,0.00013561277421898104,0.0017454127203695902,0.9825544611431452,0.1173741617727003
91,0.0006960241776482632,0.0004625668866696717,0.0002605047584132555,6.730302546340661e-05,0.31560045697609107,0.4607006976568606,0.00307508311900702,0.0012925023203452677,0.005291434216960388
92,4.241552637008236e-05,0.05554067372472228,0.0009912790449485727,0.14278348017962275,0.11908236467624524,0.0739393784709092,6.366866881443478e-05,0.00047211822467083147,0.22986193641172653
93,0.16601896372185934,0.10141130754139226,0.022307172545797074,9.225365668711248e-05,0.0005451688593912601,4.5379938744877e-05,0.0010002290793092608,0.050630554281908144,0.044822198661949045
94,0.0009887829741484105,0.00018635048629447819,0.015120510083839654,0.16739781209150623,0.000991862122977295,0.6886733901348875,0.0010477204663419059,0.000300634662767365,0.031426282998921556
95,0.1127074798507281,0.0026970016529431324,0.0003748095635457068,0.1403827813450524,0.0003972757009661818,1.8256225191068598e-05,0.19607152771051217,0.0089174688865035,0.7244221629899271
96,0.011199824032406679,0.0009684637459444445,0.00010082980155200521,0.6465046164110761,0.00011401958696449356,0.010029074421262475,9.021366884675645e-05,0.00013410010568309103,0.0370932521899273
97,0.00010098651149483115,0.048592660091495286,0.003165040896517706,0.000246297741771581,1.2698273490502342e-05,0.058781225931127216,7.751242381396637e-05,0.05340578114454012,0.9159129850126443
98,0.00037397784792916395,0.8742652824943025,0.0051787982259704195,0.09625392897734217,0.12882878306689152,0.3956445931183861,2.237233681883889e-05,0.0007539750663323113,0.8321311633902473
99,0.044371752215200934,0.0026316976245087313,2.286778598782016e-06,0.004752620644322409,0.0015508340626828963,0.005274954450270604,0.017759326833056477,0.00160838717905626,0.04615448171554059
