0,3.2465997531352654e-05,0.28934428924485855,0.7463660824008804,0.00014986547476241154,0.002279326108315948,0.1253221030314705
1,0.0009004895954491613,0.14005302319964252,0.0004461831973913705,0.0010277415277384113,0.001181177293861062,0.5578559778645402
2,0.13145713808525025,4.212760925717283e-05,0.00014772149000612334,0.00011942391730819751,0.0021395865248808685,0.07121783320645043
3,0.13842753790409898,2.9105234381129383e-05,0.005070404175849658,0.004529231314964641,0.004528775010959775,0.7644364396925962
4,0.0001728013194630558,0.01994672933530311,0.003102777039937693,0.0024930225034849136,2.0498904345583685e-05,0.48175956183113644
5,0.00036081248837933097,0.13146433564613488,0.45393656781641356,0.003875550271922281,3.825984588903652e-06,0.12500853498955117
6,8.417573968247608e-07,0.03237664695603712,0.00031549649300842246,3.155246606425713e-07,0.00038961329255758593,0.66373725277921
7,3.061134856810898e-07,6.866762796374674e-05,0.09450700842796798,0.0009223192820490009,0.00334366533108335,0.04046307002600463
8,2.4580098101056065e-05,0.0003230882513476987,0.054028145761631154,1.5097169603177276e-05,6.112101784598916e-05,0.06754895430683935
9,0.01595322942426714,0.216009669596465,0.0005961685712234992,0.00037155971021943647,4.1150725379891296e-05,0.1175193400668645
10,1.8517291472955105e-05,0.07523413188081192,0.20896867527232232,0.00026543952343378906,0.030611584952731145,0.022902697295588723
11,0.03163475338237198,2.3208205395308497e-05,0.03238588642382341,0.007010630103179308,3.0933790805655176e-05,0.3095284809860954
12,0.0006474933304014279,0.6796536919321141,0.007760391872709178,0.0004039065202564021,8.645328105147893e-05,0.012236849294336842
13,0.0009454774162852332,0.508398943344573,0.45347210579235453,0.00018492921482408275,0.038784072691567924,0.002679493496139338
14,0.00010868195007595243,0.001175622538120124,0.5181123365101898,4.142813064657015e-06,0.0003028844911408742,0.018027146317897893
15,5.795459454888546e-05,2.4678496596847302e-05,0.00021899524522555667,0.6634892767234826,0.002045513169043811,0.0011453913080876476
16,0.00011164024075391918,0.004607553124915586,0.0001110909519891359,0.6126958808815787,0.00027532532729770726,0.17707926402862129
17,0.00014931060903528324,4.6028519251431986e-05,0.00022132231041397093,0.0004678086001393666,0.0003262941691659184,0.20109708745975752
18,0.0014794158802473763,0.0001418575702006186,0.09321147355252106,0.0027158984130190916,0.001400486675370402,0.5796518822386073
19,0.0006579536550688389,0.20037137306938882,0.00011879484364796379,2.8612426618616e-06,1.168642616500064e-05,0.4496358877512419
20,3.033226607340173e-05,0.019314486535110614,0.1466360907909214,0.0011831286800718561,0.022630069978962643,0.1455391948406838
21,0.0005700151221759485,0.0012460021238621883,0.05596286538024661,2.0656438920828506e-05,1.9861327552699453e-05,0.6365664027039166
22,3.775496445427623e-06,0.17295353225030088,0.0001455501833704457,5.329730650839374e-05,4.4038467248743825e-06,0.2480509168005775
23,6.950596713202912e-06,0.0002817067493425214,0.011757337829475254,0.27975203896995077,0.002885258247804627,0.3416851989571958
24,0.00229011928133777,0.00021555551339621395,5.2975609932519976e-06,0.0001360541191001482,5.945824258580359e-06,0.017198874337293116
25,0.014612335919247467,0.00013660010711970128,0.00011379371678511756,1.484112384833281e-06,9.026588446124818e-08,0.6803666633614
26,9.716919709346212e-06,0.0008304171988362223,0.01327876918422079,0.007291609434193893,0.004464412042178802,0.06801973067792674
27,9.472218790642668e-05,0.17540057290376104,0.0023599375038084406,0.12084164317678178,4.543505168964467e-06,0.4165833758324236
28,3.2042283489231204e-05,0.5112668937447925,0.012904550222984236,0.4583374324771833,0.38565262130536504,0.013472538057069494
29,3.439228765404027e-05,2.1515449566105195e-05,0.0001205933752431226,0.06029468984907658,0.5388267695986501,0.04351185292860125
30,0.09244806698694391,1.2169880263107934e-05,0.038318137363501724,0.00013141498328798974,3.178722477963142e-05,0.8000602602357423
31,2.58254256928514e-05,0.03828271017701265,0.10964098654787809,0.04706946170812482,0.0016323686422448534,0.022177497996060804
32,9.673826939733324e-05,0.0005273993731660986,0.6034500703262269,0.0017992287002019513,3.9482216173977135e-07,0.26651912045390436
33,0.0033040933252100244,0.0002590620747813712,0.0021053516289607716,0.0004586241636108307,1.559207881809338e-05,0.022292605484184356
34,0.00013045190433884758,0.2963086583030443,0.00046148066460303174,0.016941693800009868,6.170335234000945e-07,0.9890858254925918
35,0.24785700417870604,0.00026432871950533957,0.0001674909657511891,0.021132867957935928,0.10060915682072667,0.4184589800218441
36,0.00031617096631146433,0.0006051098695792454,0.015150240503253396,0.00012182617056977275,0.000278656238497518,0.05319345700946892
37,0.0974222780062368,0.00011977856059074321,1.7746710436527403e-06,0.02417018321982267,1.4599678232295028e-05,0.013003262860553932
38,6.130228367626225e-05,0.0657576888739799,0.0005936515511389287,0.8256485759968946,0.0016501298206470386,0.0010568137666564412
39,4.1150308378397935e-05,0.00044994367678886086,0.0003352995585898964,0.021693543735593436,0.001314916209662076,0.48651462672006973
40,0.01471400016303806,0.19062112152777042,6.349940064412462e-06,1.5341211607614238e-05,4.10771406894989e-06,0.49878449615094
41,0.0024612831487457656,5.744908306795505e-06,0.00010180659438868249,0.002423885379322244,9.119525841047826e-06,0.013300268763937464
42,4.6290114674360986e-06,0.005813841364087985,0.23165074328432222,0.03409596532315575,4.650432704563806e-06,0.19865454592211224
43,6.042004505379626e-05,0.7699107319416979,0.5582029757683619,1.8133311270854985e-05,0.00011124674218261076,0.0032441218133558835
44,4.586329774029289e-08,0.020776900014467546,0.0006790916845984674,8.21334349317319e-05,0.8312689046245589,0.5951922604599005
45,0.4036729131883219,0.00019983258771996085,0.000193092848525004,0.0001449718964087169,4.0839019708346507e-05,0.026924074812608948
46,4.8511075628841145e-05,0.006093311996221693,0.3492599509870812,7.5936770086187045e-06,1.9462803394208088e-05,0.3660476601907261
47,0.039724316195483306,0.0007355979921372156,0.0016021834096496953,5.925096260326872e-05,1.8478202459686184e-06,0.036327290520046907
48,0.005650818929249685,0.001837279028751112,5.629544835871435e-05,0.4276831810776,0.0001593663002149799,0.005217939830871125
49,0.00010402723065786501,0.22973816612841597,0.00018616468701792186,3.962994283667678e-05,7.62447233948445e-06,0.0008530207990392864
50,0.00010619415652892022,0.00252725715846816,0.625213022440446,3.2281399937706004e-05,0.00019274127868209657,0.012941169247106765
51,0.0023347216858896304,2.348719190211831e-05,0.6945644705928704,0.0021114694264603284,0.005038858277131811,0.013516293097899352
52,0.08001790773303095,3.711852385740495e-05,0.00029573317713790375,0.001902999683348629,1.724923341283002e-06,0.0657652911592258
53,0.00019369464880175533,0.0014156785764809377,0.0037064306081863703,2.648301422100576e-06,4.227713841493747e-07,0.0004776792464071699
54,1.1508108755979163e-05,0.16890145279474544,0.665745572272569,7.14958406070805e-06,0.0011455536284141776,0.00022394541852282165
55,0.00015762044114868694,0.038914304757332915,2.784500448000661e-06,0.0067355090368160335,0.001267410376688841,0.027931006143021887
56,6.098351458841144e-06,0.015408458776398277,5.14509673824331e-07,0.1233747056056558,0.00013260675520022837,0.021926668174672096
57,0.9518278086860144,4.1944280095777265e-10,0.00014522991242857475,0.003102043750678226,5.244492307576574e-05,0.4267227173790895
58,0.0018227196057365755,0.827824164498056,0.00023833398539833769,0.007466539386922034,0.014874232079437603,0.004815525896946841
59,0.304160492860296,0.00024729802889822844,0.00035826024136240603,0.1545150387638463,2.3761419702336055e-05,0.09050606502662699
60,7.006116064969199e-07,0.00027679392061843365,0.04167304910842689,0.00014845735883996738,0.11502544107636849,0.005253861261786365
61,2.453215896382851e-05,0.06447172436132977,6.4243290238819675e-06,0.12939447275672816,0.03349175874583003,0.4731527559129863
62,0.0008138916186654415,0.0051219454159942895,1.95195754703566e-06,0.00036838849445789676,0.0007000900805092699,0.8996350172405247
63,0.00010915827760362528,7.445290705912315e-05,4.590303475211553e-05,0.006857237223228503,5.69752001057893e-05,0.06478444637367985
64,0.008550196740596932,5.144688497594404e-05,0.00010986016726421777,0.000621436487953593,0.007689145501164864,0.0011334896583163338
65,1.9850937413911257e-05,0.06235223200675606,0.2187458976001303,0.3344440241538667,0.0032160961862654665,0.1102222932617137
66,2.879349534669752e-05,0.4915429730776321,0.9415851289151832,0.09155924226434575,0.5418028833245473,7.141125027406863e-06
67,0.030342512434415995,0.3019446999010098,0.09624700980815433,2.6073754021056e-05,8.163713397282344e-05,0.030443315300549462
68,0.000477076876814443,0.6276447597219261,0.00021409363879401806,0.00030523946691985067,1.2191415596462013e-05,0.00676360100741392
69,0.00556634420432537,0.0007296034192632784,0.0015272622346090383,0.07594472219328531,1.3243692073965077e-05,0.10564287347407009
70,2.9547962661288012e-05,0.00019592695553148805,0.00023876260650588293,0.05035939932287347,0.0014006132033672943,0.5831436799650923
71,0.044558088280861156,0.00031933629849356605,0.006575541425235484,0.5638587295467382,0.0014445028280745257,0.008058819785257415
72,0.00027164691572060693,0.08770508207827496,0.0006340554027236667,0.0014404686591775026,2.7729246397657643e-05,0.021178340809273142
73,0.1030460538508562,0.00033967062180775403,0.00010879602862831756,0.8617440596167076,0.015471640028212864,0.02469713279587439
74,0.0011248554635254959,0.6625250643881817,4.870547203458132e-05,0.05431931968680401,9.469582468090724e-07,0.03345611654043674
75,0.009313263543506135,0.00016676911690105626,0.007202135614220631,0.17415180631616758,0.0004753133265312899,0.0021688885847141464
76,2.935197137320491e-05,0.002369467653307386,2.458631383758631e-05,0.00022876001721936268,0.0003771746145925066,0.4657808129042979
77,0.8518427330117602,0.00011232053968574096,0.0023715552632770282,0.03224516758126609,0.0003897228890659955,0.26782269514994816
78,0.007708713390350786,3.788286018688606e-05,0.852741226745849,7.139841211544343e-06,1.963600625502095e-06,0.05142697164484313
79,1.2336559286551759e-05,0.0015999318609568108,0.00020939229450280593,0.0028060680310331176,5.0122685611384444e-05,0.32001499993553983
80,4.9065682521221e-06,0.8961310948100961,0.0012770854191288617,0.018366613247290994,1.2231898301250803e-05,0.0247479227543717
81,0.00036271821983053755,0.0004336600732303096,0.0019927066250500576,0.0004329672137934333,0.0533652896362736,0.023973277833236016
82,7.122756666747926e-06,0.9049656185540765,0.226779155008136,0.0002683328684356356,0.004081064986843384,0.00815647437582732
83,0.007655834179118986,0.0004471194833793988,0.001088224593953951,5.7471469753103115e-05,0.00678129305280023,0.04261361927801145
84,3.0263620340716673e-05,0.0011594196420071086,0.0011140513114684112,0.7988645036343189,7.889379708440314e-06,0.015908998319445634
85,0.0001296268841278837,0.10262818647611874,0.000154569429686353,0.05795295029990085,5.776481306659089e-06,0.0319257796639032
86,0.00020541800417555025,0.054341129965043304,1.615290279294673e-05,1.946259406048593e-05,0.00017558418249410065,0.1773851432811608
87,3.9193794869820276e-05,0.0015670271133461221,0.01486316443012931,1.370710766242769e-05,2.7462119035689132e-06,0.08746682036055219
88,7.013927915804622e-05,0.0022125812881223497,0.0006632844560559857,0.012595293745978323,3.372091256626799e-05,0.1156706059864477
89,0.00041379522552280925,0.004581384059157008,0.002130329051444148,0.0064692385733502306,6.803670328350355e-05,0.0002886055874179684
90,0.0002827128119398029,0.03416259361192205,0.0019116624660292755,0.0012180413443077158,1.8023548740403956e-05,0.010116246036226644
91,0.0002467382483324643,8.766735640611496e-05,0.7156766109514126,5.507748569061775e-06,0.00045525837635941547,0.04803296669019826
92,0.0010047670551436964,4.154760401370034e-06,0.0030079336936679906,0.03963598414580076,0.002418120796586268,0.018190206998298656
93,0.015255259282184517,8.68005821642034e-06,0.009305746747554276,7.372593864871521e-05,2.8313946621464657e-05,2.66329700518429e-05
94,7.213931797673145e-05,0.00018276215337153766,0.001933822325310363,0.009115694112465947,0.00014383244487610187,0.550789674578118
95,0.000268143452782176,2.1982773704613727e-05,0.9130172614808915,0.0016812885101184477,0.0005421391948638786,0.26076135729704963
96,1.0840610893309647e-06,0.16055912847503284,0.39375127738545707,0.0015113503996224012,0.4770482442642213,0.4365543275555661
97,9.18929618614494e-07,0.07775564954142444,0.00037135555745111307,0.0003184956059577545,5.59100887209533e-07,0.025118316438006466
98,1.3356319467766052e-05,0.7644684757510178,0.05947484356800906,0.00015033850886510416,0.02968074114207255,0.3201154614240407
99,0.7322868691254142,5.05343900720211e-06,0.0156917762339797,2.8682845827879193e-06,3.260418708891646e-06,0.13608117317845306
