0,1.3978886346542007e-05,0.040836414180031276,0.19601820308083795,0.37533735941649693,0.8556323844686571,0.1448528262969057,0.19971406415119922,2.5886243164770633e-05,0.7774381474645014
1,0.0017378928799449164,0.1588115822659945,0.09993935441083814,0.19386495740309753,0.8942019539526026,0.1750640059254215,0.5860490590694419,1.627520700357686e-05,0.7457447715851515
2,2.7476578113267303e-08,0.6820781588345024,0.26674308398694113,0.15382674132622362,0.8339341227605529,0.19426047962473508,0.17568623317954563,6.426227114566052e-05,0.08510087723997836
3,0.0012963326718064738,0.1871891927636769,0.19078070354605364,0.14566492642556544,0.8324912800109537,0.07646277770968078,0.2707220209815167,0.00022795533888844902,0.27270269308164263
4,0.16736736356178336,0.029016129269661114,0.6690783896606612,0.7913924502576004,0.5352647804763986,0.9867460595663218,0.20931208169451637,6.696741896043668e-06,0.8246916685914139
5,8.894512820735009e-08,0.5896512029512626,0.18871601096515891,0.6672676367960314,0.1828522193112415,0.09636159645868778,0.4461768312538164,0.00010117245206993993,0.9089433412080443
6,6.100514309643226e-07,0.18513326714149883,0.5662634667299512,0.1914306945923105,0.11383669109830659,0.8972803709072619,0.0716813105999812,3.96233220074389e-07,0.3799886273824657
7,4.1615004627544184e-05,0.13247322511649942,0.23720866812206087,0.0801152428851987,0.1227703153543905,0.19883228327805494,0.549838360467273,0.00034998792664919093,0.8246916685898948
8,0.06236887892079243,0.843945088135146,0.8780123122183752,0.17689706914540287,0.19237632438526553,0.15517772162670868,0.9731188133922676,5.800362178581537e-07,0.8365065608015971
9,4.436741847764224e-06,0.27835599994833227,0.1516483303907588,0.8737561370116322,0.04381783654286301,0.18158857284133673,0.17648484314407864,0.0009003308807974205,0.023562701023022818
10,0.3590577760312436,0.3362343462698185,0.6545249139414836,0.5709926475161683,0.35404548864056284,0.825511923641179,0.1533144544872651,3.632683062760712e-07,0.7018490364052405
11,0.0005054390478713216,0.21705718802741103,0.17466512918980304,0.8646535169729538,0.8908499770501869,0.16094892153762388,0.857712603320573,0.024380408265006696,0.8018510242816526
12,3.436437352966772e-09,0.5593049008522034,0.43169687693619985,0.08218001624809058,0.9035811700679827,0.8155912578108823,0.195389736522891,8.00597742016907e-07,0.06952813851621283
13,0.040150723513273014,0.7246475822016535,0.7215682644182915,0.5516192884890635,0.8293022072028609,0.1874341868171565,0.17500860584330027,1.6940051126210402e-06,0.11874704736109773
14,0.003967123582447053,0.8264724614452484,0.3336212001591724,0.6447432285380224,0.5927567383228424,0.9449105880180293,0.20868079470653494,0.00016446897230551583,0.5968944433759041
15,0.010789336948643584,0.48257567621592445,0.3506437232568904,0.9081340866327718,0.9632695049045186,0.8538367883405513,0.1126461041505855,2.5079771402576248e-08,0.6253489718915712
16,5.388457211446993e-08,0.057107056447606885,0.8408851027168679,0.316387164824233,0.15983258257945734,0.9114830998097363,0.8732303756677258,3.458462440622008e-05,0.8295135309177436
17,9.589220147355232e-07,0.8738867871124998,0.9378384812350492,0.3167209708930253,0.80586918910299,0.5854847042247702,0.3771105467372258,0.00019857143863754497,0.8598751802695503
18,1.6486585212993648e-07,0.20058171859535126,0.8727681209061491,0.6219299327737198,0.8139316065027182,0.17384505762535124,0.437642109642857,0.00021709691583557075,0.8172571515886555
19,6.861620801950186e-10,0.07196245891536254,0.25363137194545726,0.8811115882427737,0.0996675027516759,0.14888722565388693,0.9863633219895335,9.615573422063621e-05,0.7875882631751742
20,0.0003094057323022879,0.7083765985535986,0.010797028779892094,0.034349646158424486,0.7762616071169538,0.9430258957848692,0.8120775096323847,1.5116613800582229e-06,0.8685687989379143
21,1.0032387050679611e-06,0.2445363097498317,0.17383225142098233,0.9845099676987733,0.1636360550802829,0.23295338662535342,0.9747684213740212,2.3250382838003096e-05,0.9477773531329765
22,1.4327851402798162e-06,0.8514125353861209,0.19437798037551068,0.12965150426784686,0.08350192435068411,0.13044629035743896,0.706407709096485,2.4814015182886872e-05,0.1143663730760442
23,1.3675401813966162e-06,0.16169463524636363,0.11462810281248166,0.1539456650924001,0.82077223047228,0.8407499032096246,0.8986332156686792,0.004376495057898856,0.6821345737442502
24,4.8676925449310585e-09,0.2069894458859876,0.7323994482902421,0.46987548716488714,0.8354082426888513,0.05510231842908039,0.12511176140159105,0.005350494516965006,0.6141585880903355
25,2.3932880127420177e-08,0.18320933187755856,0.9411203811012085,0.5102568182205572,0.18223553362118142,0.263480511050746,0.3995263452726102,3.217817723165213e-05,0.8582738884997041
26,0.0001109733460038239,0.8257341844306774,0.7375677475041362,0.12135079862738209,0.07066692549488697,0.9424854526728043,0.7770685104085322,7.334316356003248e-06,0.8987164813090868
27,1.813307737417549e-07,0.4237394298478328,0.09197733720840325,0.1780689916473415,0.22208089517583118,0.11235464218609995,0.17586319879020784,0.0005475934258258478,0.7238434012476674
28,2.5327129516435506e-06,0.21575200594466903,0.13128957123513665,0.7831542170220982,0.6090767191756163,0.13801532695316404,0.2084099570023235,7.325343287821045e-06,0.27441116560619255
29,0.11072212276540952,0.492659515947536,0.9877749467034788,0.7899943062405382,0.04371401699550828,0.8204378539456441,0.794994850184008,6.312289475216179e-05,0.370144433415426
30,0.0013749770740473805,0.2698684605955094,0.14465280374397044,0.155322657236013,0.07958345515907013,0.07810802290489334,0.2723852629250897,4.2012590795649283e-05,0.9220256255730233
31,4.970991066462358e-08,0.2617174656207361,0.38882619642079025,0.8963874709085903,0.4903985252089611,0.21988611652754853,0.9435926995454514,4.669279923186775e-05,
32,4.023518151294988e-07,0.1552649523849513,0.1523179942316887,0.9834095809634076,0.13405711736730316,0.6520889123774487,0.14887264383848636,0.000564473946146478,0.8246916685900415
33,0.0008018181496194167,0.6814236156368255,0.17799887180650356,0.17599431851100727,0.8567246824676271,0.9956690994787444,0.13908385806071663,0.00022379586602373338,0.9904217156716132
34,7.117345542300842e-05,0.9719910480105639,0.1307096529094919,0.8724164107931983,0.2739451842143898,0.08846986382788648,0.1815619534939806,0.0121561496439973,0.08028822165571196
35,2.735819230901728e-09,0.5870047311492547,0.2833877287296477,0.4690037667470404,0.20161787881119475,0.29407512028259086,0.16992997046772187,0.0006903356032510145,0.6265393900376154
36,3.420191618742945e-06,0.2526409637040086,0.6965649822011561,0.08634229123067107,0.4780981501149866,0.20986503478474028,0.25346557120593,1.8850633280727687e-05,0.928019498940012
37,1.7230565219059304e-07,0.9644155252905735,0.8712543411834571,0.9062680879614271,0.5338088746121004,0.22138836483289964,0.7981809477177901,4.144772333312232e-05,0.9506979433232298
38,5.265979916270548e-08,0.8885575533326291,0.6539642342845886,0.41398661275424575,0.36111539402923,0.05748044683748869,0.06597380178193965,4.007695210853389e-05,0.94082275711011
39,2.4019330945558673e-06,0.9818935206461168,0.9017056799802221,0.9808760879915692,0.8817765792019026,0.49822153637461253,0.2395603488307711,0.009112876943239095,0.4671882673971539
40,0.0015952453371630316,0.17247741271082143,0.1543247137891949,0.13818079083536366,0.34937213178811394,0.6138884323084189,0.5312946378972291,0.001062078442928573,0.9810493244643249
41,2.5005371569463515e-06,0.18747619225067805,0.765388593799151,0.8755228377368467,0.0566169625592812,0.8888583111095465,0.70413968651561,2.6458493572820395e-06,0.716529368864038
42,7.719011891571964e-05,0.1295440566170757,0.16504399924323138,0.09824993929694269,0.19023070479663717,0.14209136762919874,0.7930361105229968,0.0003801767894986171,0.6686146567339513
43,3.47063895643135e-08,0.854566382224463,0.896490007521361,0.9044304985565212,0.8506805038768475,0.9708796699563694,0.5173108024856565,2.3355648076409025e-05,0.17249170156883817
44,0.09234718638399218,0.8834997614312213,0.9077753499846583,0.8546526957525082,0.36171316479728055,0.17210573661014522,0.18850079087437904,0.0032878751600024657,0.795072709480872
45,0.006704910592851121,0.8370497324559315,0.11091716832092623,0.11602298612067947,0.1756485440662343,0.18786516980527881,0.9029959936571356,3.243415266728636e-05,0.9481539895170712
46,0.006892615560766087,0.9516422087688874,0.24594341403198394,0.1778462665090618,0.9180979967634442,0.7389187973654019,0.19792738616114827,6.433700548174033e-06,0.9114221985859776
47,6.34317406785356e-10,0.08833276615585314,0.9790526014546381,0.08740310472936079,0.9628277190335562,0.15400165388076534,0.1417607098445398,1.4839008567958542e-05,0.17479025527420042
48,1.1862557476973867e-08,0.26688225897514684,0.36485222780094273,0.8248435135580409,0.46627477253875943,0.7634523716545838,0.2260907716157356,0.00109392573420163,0.47662286793580744
49,3.5906215220776274e-09,0.907706539441977,0.9982701500752578,0.09671417789395993,0.3820350619734633,0.9474215455050587,0.8711175755752011,1.0126118787119702e-05,0.537224286811701
50,0.005363602625395125,0.17555845001346276,0.29982253054168506,0.17561320249711393,0.8614333083778296,0.8061201986983902,0.9829028042913988,0.0004270840568623205,0.5
51,1.2355581227188728e-07,0.14359416106632392,0.13476115354416343,0.6050055391703935,0.25188630824249464,0.3338172075566236,0.5084635397012136,5.780034896365804e-07,0.9340432826377622
52,2.2744721196055316e-07,0.17527072974393862,0.9964028138963696,0.23821418387498366,0.15919456873635646,0.31605999633662124,0.00822169555790426,0.0014966430862264424,0.1321299002098606
53,1.1760753943555343e-07,0.1646031148903898,0.16512233171293028,0.8600402999226975,0.2134241334677091,0.27617056770037257,0.5498622475197399,0.0001483506717278568,0.47663604651543606
54,8.567449580864e-05,0.11710979385665911,0.749108969757481,0.9018056800649028,0.16113686584994974,0.3149390654850811,0.5058404473409146,0.00033098839726700575,0.9843965112675865
55,1.5573560588442996e-08,0.8120610735248568,0.5727940453136318,0.7531581531924771,0.6668491900060627,0.3071049361880288,0.16130463410882806,4.233417658233636e-06,0.8829363535382033
56,0.018539278854377853,0.2927903490009966,0.6034941985335587,0.1639890511143874,0.8103261703929643,0.11973854231278136,0.6749245028441051,0.002114873520163807,0.9745246924066675
57,0.9208597180432289,0.8088786710873167,0.11289593309053746,0.12153040288184633,0.23363975701804557,0.147109027126839,0.8140415931451881,6.7396863468901675e-06,0.0278995132241068
58,0.0016941651838717614,0.9151844963988578,0.18534422991231608,0.43620455876745357,0.4226532318665468,0.24511527533168231,0.2396708568164565,3.0796844206613376e-05,0.7017618055566013
59,0.0002962978510487851,0.2661263101843654,0.18854602296119516,0.3189012776372553,0.42741096439565895,0.08312027594683435,0.291245466904429,7.287010952151694e-05,0.08344505470137882
60,8.334224972072438e-06,0.15019625785106164,0.11292395028166305,0.48840847823148537,0.658254074163169,0.27753599167870957,0.17584669711681328,3.376103591716126e-06,0.20993231020469172
61,5.883589450544012e-07,0.693960458324368,0.18119087350210678,0.9297800743364366,0.1690047821369906,0.839601884741058,0.09563274008458114,3.1883115390832224e-05,0.17083719349836704
62,2.4770800147829748e-08,0.17989824202494037,0.7303973138293262,0.1412462714043684,0.5434192567942536,0.3090129833737467,0.932331756367562,5.688579575555141e-06,0.9172553212528746
63,3.670092477839758e-08,0.04316635974640402,0.9828207532481175,0.9551284136223308,0.20242459979510932,0.0990673328377783,0.16830776150683946,4.3926929857569726e-05,0.09897172673986598
64,0.4207341402645583,0.15865329898460387,0.17539773412613893,0.9498157535315297,0.26980857029796046,0.05559489921294984,0.20109318515079833,1.6895138397087745e-05,0.8246916685899128
65,1.3202556186686627e-05,0.4283718264185265,0.2378326740853673,0.12407060351207494,0.832642492386872,0.0713546115736827,0.8718752946027444,1.2044264949123466e-05,0.4360058818470617
66,1.0480573988179478e-06,0.18668669825244616,0.18180922639797817,0.13091147702533068,0.17624029256394771,0.09525333839584198,0.43680572385033006,3.891164727138449e-05,0.26465707103040814
67,8.8058305069047e-08,0.5895567424882844,0.8045643456059453,0.3568856329765965,0.13886958713063202,0.8262630675945534,0.1189685180891915,0.000846935863597581,0.11466434941377966
68,2.5590916564236698e-08,0.8848378245678367,0.34239654043099477,0.8569113666585604,0.3160808121836859,0.31842010575218527,0.21744206876729427,0.0002426339684201313,0.9628584719640583
69,3.9838518767444404e-08,0.3529854856034914,0.8319038850088261,0.8920535009917286,0.6835158646048772,0.2509879048050617,0.12498715041002109,0.00025444100160877274,0.17530833141013788
70,1.2143724838590603e-09,0.8203590930918746,0.893435015728338,0.8726759148865241,0.9503257323765958,0.2937102366761568,0.8016155184446072,4.275140574395671e-06,0.9800803280225721
71,4.2306297666962806e-05,0.09071402945848103,0.16156425096629584,0.1741302441501382,0.7761864987258684,0.09510151346353651,0.3046506340378921,0.00026792882572906196,0.03229569552717441
72,4.750646514005635e-05,0.17756182572956947,0.9329182365051499,0.1509395032363871,0.27408520537216746,0.08895737011655137,0.9072883148949848,4.725433720228864e-05,0.5924223414465343
73,1.6742418105527888e-07,0.3139545120856948,0.07219408188234917,0.20101189496657088,0.22521793070912616,0.31894182102702673,0.8363737981813684,8.567024638591337e-05,0.7203935145337103
74,1.5699319355435742e-06,0.797701624958767,0.14510155189853638,0.9747832639105676,0.8502640427240516,0.035896935201799166,0.8478085430963116,0.0002682806866448393,0.3651695629012943
75,2.0976470281160649e-07,0.4169795710798326,0.17989723039127323,0.2666525978525275,0.09557321756850451,0.7307370926326382,0.13358490894703953,0.00013404302467922037,0.97135818488329
76,6.579173806993101e-08,0.8817142485526183,0.14736197151331876,0.9131049093024384,0.9352022558287666,0.20178334411930246,0.2605090769262204,1.0590934715708168e-05,0.5849644016621659
77,1.319089054324251e-07,0.06076316226616611,0.18391692598409737,0.34304779516112527,0.31908045653799955,0.6988002919302487,0.07868332100867458,0.0008071603662146312,0.9643776645092001
78,0.002724601869320286,0.3111229340541827,0.1965681696377852,0.12735644690122847,0.8459439280846854,0.04853083770932675,0.3339961569286773,4.2353773815409955e-05,0.2986650620160784
79,2.030548295125657e-07,0.08127313571193723,0.4784815868879949,0.17476252949005533,0.8760245324096592,0.9010812040425079,0.13945079528927246,3.5270598112889434e-06,0.4278392557452861
80,0.11617608655372312,0.8214622108985401,0.6888986216941817,0.12989892216633736,0.17431891255939203,0.7012232174457586,0.3268016852636857,0.0012756548776847228,
81,0.0018118568315342246,0.7008304428422182,0.8339059159346907,0.24361398005520457,0.7816861280675454,0.21192291621092735,0.8714473764551084,7.42383929301978e-06,0.7399009246697515
82,8.050535327118792e-06,0.24301243206838868,0.23743750787452284,0.7943320587577787,0.8356782325553722,0.0866350957897417,0.3029766288059307,5.728785696847969e-05,0.11832437981575473
83,0.5770719741628579,0.8359114359234754,0.8617245549357678,0.9152600162846929,0.02753941605324849,0.33559344099281496,0.34193969486060616,2.8848604331624927e-06,0.9298777336905929
84,2.4880355628301417e-05,0.791826854842306,0.21497448493810206,0.785405551308042,0.08591584263842493,0.8738789096943241,0.19002445702514664,0.00014175518574176054,0.8246916685898065
85,4.850902448328487e-07,0.14810520669534039,0.3094104523710737,0.3030088523732406,0.6860794464827372,0.7227566987307873,0.18670321833670067,6.607483814449359e-05,0.5006800200899042
86,7.828079310643321e-09,0.7913379111306846,0.24964177521032427,0.832229181267982,0.7705404475149965,0.3774051289726449,0.07571103626788957,4.984112247980885e-08,0.4310976847717455
87,2.7797048968657983e-07,0.17458479722422454,0.7525350552473092,0.5519614881667563,0.15863913804525728,0.30230389821115333,0.23465183093894687,1.5317286011431428e-07,0.6098449861260592
88,5.503112591379937e-07,0.896001808333477,0.27900939452371354,0.17853478958718635,0.16314342793182496,0.6454840609033079,0.173802439741281,0.006429182271416449,0.23536411284363845
89,4.484940217900233e-08,0.27171215408001465,0.43240123833273364,0.7350245480075763,0.5179060649678754,0.5483181150447887,0.829362030665766,7.101360374346552e-05,0.040392789497631275
90,1.277905951375469e-06,0.5542743199676676,0.14698803102687058,0.18536741772672888,0.6513696509149619,0.22488315840966078,0.8280964180536456,8.258347795139047e-05,0.39197521669282076
91,2.2631432358929594e-05,0.7687410024729744,0.875409972750235,0.1839157372957173,0.08949282824263,0.6122372582596796,0.39620471277142744,0.0002952973336797141,0.1869817188238451
92,1.6898768665436686e-07,0.8378780915258477,0.4563569019644705,0.774770162231091,0.1731299584978277,0.2330338242621363,0.20452038545705226,5.197932387033996e-07,0.5717585086587634
93,1.4587156038986546e-07,0.9896917596045728,0.9253777797763848,0.1435071578107826,0.6364005370032705,0.130139989820312,0.1075971878847,8.552046587365632e-05,0.060879677043108295
94,2.528760767163235e-06,0.5573264257509835,0.2691894530747364,0.8378089373425202,0.1827643393001941,0.9650061865883401,0.9063450259566592,3.356414727627256e-07,0.8517182891690662
95,0.00027352331740281537,0.16976127026546345,0.8086034854790276,0.12147017460377466,0.190080044939018,0.9929583558972633,0.8802866724774399,7.481922804270986e-06,0.8555105999416805
96,4.983971056823629e-06,0.08756467465072527,0.4507040177958572,0.7661772218543514,0.19276720008532977,0.9091007221048061,0.08566531971514353,0.0005895102022967415,0.17530833139898752
97,6.987537811403596e-07,0.6463777013617673,0.17754252716666874,0.9408565319907787,0.6595921390635816,0.8431600918875783,0.1350824819155972,0.00027633889675284266,0.13437328475706967
98,1.2594454037028047e-05,0.4701207926294707,0.6580195832630051,0.5468171418872754,0.20217553344547115,0.7343905104962554,0.5078886638073773,5.004509864554939e-06,0.8059262301117767
99,1.0028782139712406e-06,0.4399244256687175,0.9712156772434637,0.9953313915049956,0.8164912885626758,0.8804916412146753,0.9134149001680392,3.09315912721526e-07,0.6315056508227014
