0,3.3018979317464553e-06,0.5832708518934214,0.00041971434284741166,0.08933435463995346,0.00399095322982283,0.76029713123227,7.286753378644506e-06,0.0019316162890519138,0.0008823048964212075
1,0.988863417936611,0.05161766999803674,0.16530781027038965,0.013777309065113957,0.15842577652644552,0.15500078850125984,0.018736787184811747,0.002151367769770833,0.009051314129971753
2,0.14360830763938012,0.18618552359497376,0.0036299275725417755,0.0003223581766730913,0.0008011919784154932,0.07779124482870196,0.0007674829715781955,0.05631370626997132,0.004399197275891845
3,0.01035126245595115,0.14421026120759695,0.9591939769102757,0.0010639755047107975,0.05419733182868548,0.9019779198739276,0.9009166072132061,0.014078105313782271,0.6207033800661275
4,0.000531869981504768,0.052066626454771565,0.6840253626953278,0.20388445209410744,0.0023767259934236685,0.0064579079432792695,0.4086619640984763,0.3576945987813164,0.7276257713192428
5,0.0021006096499787915,0.0013724001782933653,0.003261607496504311,0.00016946056591467788,0.6088192458202113,1.5931485811305454e-05,7.805926633211604e-05,0.00032180709676704876,0.00655386892387608
6,1.2089833491047523e-05,0.22557022820032124,0.0051108837461031065,0.1955435676661183,0.21860675566152615,0.8349331208073295,0.5936775048425225,0.005094727142510707,7.505983463374385e-05
7,0.10915064948870873,0.00046396095124997237,0.024208249414346985,0.014720456330152938,0.07624001820114054,0.7236303720490725,0.03676025684666137,0.0021777347184323875,0.023424851333583754
8,0.26388010627909003,0.05957707335856727,0.23652870770760448,0.0011355143933059907,0.1809163278485539,0.18270979643161236,0.0275629905501743,0.02482354879238762,0.5109194805142463
9,0.0001821933862063959,0.0024149107843342084,0.9605563228426928,0.6412295149997349,0.004623996796435847,0.11896486634649073,0.1506791342578504,0.03787721836858934,0.047265902337651704
10,0.0011548948883619223,0.09033910144939405,0.0011927566724716735,0.26964594388705315,0.7569906908211799,0.0001206455219196346,0.437890456404622,0.7598357651682218,0.11564969476816947
11,0.1152889219533311,0.08101761999030875,0.006360254745100235,0.4896196943558514,1.6894991594665615e-05,0.6327355423090909,0.006782163918271475,0.007488094408262679,0.8724317916517949
12,0.00021296511958535818,0.7200729571367663,0.0013070161440664177,0.024330654878227838,0.17332414146026015,0.0003369273526818457,0.0060088395498327386,0.18729421063767357,0.07899679361299022
13,0.4445901433479275,0.9856628196147115,0.0003678416511920491,0.0035143475678789853,0.5973022239097384,0.11553265605369478,0.03183782443875732,0.14536391895892342,0.25687632066932686
14,0.8136319087701067,0.03418614222438185,0.21403316340245437,0.18932033402200948,0.5418188132647805,0.5318842511679136,0.14793729854602364,0.8246916692184273,0.1847772021113953
15,0.415525725512603,0.015535926854140479,0.4234208398974056,0.003160787806195085,3.522790617652904e-05,0.17558480330681575,0.0003595725549839147,0.0002966355067420718,0.5001982961840177
16,0.0009230396820520556,0.7594494071405211,5.6843339522527e-06,0.5995367093944322,7.901440596518967e-05,0.0002010617097833804,0.0008800314738512088,0.5823127968326693,0.007468238998554583
17,1.5297338785940947e-05,0.7836480695037598,0.0011114329762447616,2.534948105126497e-05,0.0036677284476040856,0.8557394628585908,0.0018669516572467175,0.36938189393402165,0.012361858489150116
18,0.6841959154386557,0.0026610260064816376,2.8285488423721036e-07,0.06081638165324593,8.020399015972491e-05,0.0044022535524604195,5.4083448082261965e-05,0.03809236362549834,0.0005795935315296514
19,0.6987520060125544,0.002233589177505147,0.18580228023285764,0.12679262341768205,1.591328970747346e-07,0.007470850054850587,1.6089647254953351e-06,0.0009129526489303827,0.2138493484765554
20,0.06113388617582214,0.5492913455774138,0.04082078365477119,0.0019932937461324303,0.05546565359518102,0.5374696038961148,0.40265140489430057,0.04838598818583499,0.7448059601467184
21,0.0006563107915785323,6.86092458665721e-05,0.009273345991630806,0.0003179903735892593,0.12623795973117505,0.00856523301680471,0.019632674143989705,0.8064561561277943,0.011740938781177181
22,0.04339270856524415,0.17819423706801932,2.1498398442136282e-05,7.865077857379693e-05,0.8816043020628942,0.2397589395174261,7.601873500357022e-05,0.017025480677554772,0.03168435964376262
23,0.004684517777912556,0.0005718910140672523,0.19986774549260933,0.0034944350571761706,0.0023126073556609273,0.09472780797033165,0.0057606848753074865,6.085339952763737e-05,0.1663004927797197
24,0.0025988773186828664,4.509150999220474e-05,0.13214217212770898,0.6124960357998099,9.41368371051334e-07,0.5444696489331802,0.0021052409236873063,0.006260220478383575,2.0916046446575123e-05
25,0.00010358290159001265,0.22020061565132948,9.580654692073508e-05,0.047448981989250065,0.0003285392008753355,0.0018168438268565624,0.036265778670551405,0.33926472413863445,0.021377115670071303
26,0.0018155171400727668,0.002837805534350944,0.90917949989216,0.049394587091164996,0.7765448209840013,0.0015682344467672106,0.4287143854518064,0.01142446902694418,0.8438861810648556
27,0.005351015449295176,0.014018005924125988,0.153546414065521,0.0003507891647761739,0.0008405160222479252,0.0007158496112101262,9.32115060306818e-05,5.538923740188971e-06,2.147844667043036e-05
28,0.001209056940635754,0.0021760153389368164,0.4663477513714993,0.0052284888842468015,0.00015050980643412519,0.0014260173532271,0.7701995660979962,0.3990642325594278,0.16182694477594123
29,0.31954382874801956,0.8702618498286369,0.0010313865288259446,0.011456396292709206,0.028866762755343015,6.0437937507114784e-05,0.5142976426719712,0.0008006937588930801,0.16523023128226946
30,0.005433038856696076,0.00020880638357003277,0.0007074501942447835,0.003727091573807955,0.19423145297951774,0.34811760538602887,0.835062742672402,0.001474218596120691,0.02175552441192389
31,0.00750776052716899,0.11507835058442424,1.9770738127981943e-06,0.006113266242757028,0.0005152376490639587,0.03788650636513814,0.0037443931066859708,3.0807308077215457e-05,0.5555397024565267
32,4.4489419594025365e-05,0.00042371306979826714,1.11558533136975e-06,1.6833890061713165e-05,0.0014442046269126328,0.8066339429225822,0.00041713372063757834,0.00252877693837698,0.565981150657281
33,0.5600599702398558,0.7730775106480723,0.0032270361446968873,0.4715419918778204,0.4982876151225783,0.5766751587455352,0.33957125141035427,0.04256194234311323,0.09315604879524261
34,0.0868136496165597,0.9398898346571543,0.013905519005792214,0.003062115061997981,0.0006573376867304679,5.671359792014536e-05,0.17530833141002888,0.005469041348157493,0.32825719142052656
35,0.18268232972104173,0.17261957406145184,0.49625543899311664,0.0002642483929134642,0.0004210695147367301,0.001073536710432657,0.005763896336710581,0.0002304967100196221,0.04426281731773805
36,0.2580356303719265,0.31680975241596143,0.000686325107672826,0.0029653788665263644,0.005319014918290775,0.0398173027448493,8.500639408516125e-05,0.7361601575639454,0.005375575254554042
37,7.440657917536429e-05,0.008541748560848682,0.32233023079835876,1.934790857709487e-05,0.041130822108028785,0.10226501863130814,9.475139934521044e-07,0.06145914416837885,0.00028941894828605585
38,0.002364597659702058,0.01127573990523875,0.00038112035137276686,0.051279475126759226,0.0001463381255327273,5.1171656745088524e-05,0.004073395551953984,0.13396328191387621,6.427711445157096e-05
39,0.7385285958580902,0.0007939677346498896,0.0007274803489771187,0.005314384437891377,0.19999407975135616,0.016204473175722833,2.6540899523850803e-06,6.315988820523688e-05,7.630414586182916e-05
40,0.5993239118450203,0.0675116279514059,0.004008399480470416,0.3021410653787119,0.006661837940187189,0.8701451836926007,0.020215457933311094,0.18782701831850687,0.009950552435311495
41,0.0041621237676398,0.9043434654913697,0.05136335681930513,0.05520989160893036,0.35887177640149387,0.0027138623940429463,5.9703870680186004e-05,0.4793749487457887,0.042353589002978226
42,0.34176378261662227,0.00107745395471427,0.2861243635109296,0.05781828071439263,0.09421089056058994,0.0004944062209601819,0.23270452667167651,0.10118479751707454,0.0005699574078132839
43,0.1313560371536688,0.07263920218096605,8.061158760780275e-05,0.007326678010307862,0.004329739262780546,7.73737318267052e-05,7.621643661641272e-05,0.9300990722148095,0.8651970919715308
44,0.20227265095058747,0.03207837852681219,0.0666597776033277,0.824691668589906,0.03653214039062072,0.00012996781635789346,0.7949042942348609,0.012217909653266466,0.01324980481273165
45,0.5809971909227378,0.7916640755627664,0.0006832996909258751,0.8628001936033858,0.514495020510747,0.23460447972728382,0.3916633030595437,0.6988979812991739,0.0019763344057347875
46,0.015480383414780582,0.5355236275949244,0.7722349135024098,0.7550700672972035,0.038737393266103884,0.7857643677930399,0.0005368257046205558,0.30558135749471743,0.27440097431949373
47,0.0009850625966295458,0.2313769455089129,0.046102397037741605,0.00013686824009426045,1.862367643748755e-05,0.00010586860743354694,0.0012101778633092036,0.005039422536940882,4.696790140569979e-05
48,0.0002603212515132383,0.10731701754265907,0.004370573814828581,0.0017790908295578125,0.011776030452830486,0.9473001882506269,0.0005474253272510413,0.0006642357643518703,0.0011637284454644994
49,0.009395477429667511,0.17145462544930928,0.0001167137212600676,1.1798190341212853e-06,1.5639326796022914e-05,1.5877563413000083e-06,0.15886874602979864,0.34226815151259565,0.8627395288369153
50,0.815343268042319,0.009434675151671575,0.011098849949000556,0.14139517114234212,0.017429935065224927,0.008651028028537124,0.5,0.29026784804449823,0.07883052163500401
51,0.04874613862330356,0.003178615510413093,0.45301030400801157,0.27601776906014314,2.7783449878221334e-05,0.05433002842273737,0.028099238518237656,0.00019813818994328367,0.4149383557907395
52,0.00970141893272283,0.01399848388446882,0.09185800716209462,0.01776476877920678,0.00013180330359594203,0.002349198136807934,0.10714458146424634,9.126605739914127e-07,0.17052081603400596
53,0.028025557880839505,0.00540536971871204,0.004048245243164289,0.00012317412337691728,0.0054845952713480734,0.0014018141221939346,0.004313268198513606,0.0023563694593016875,0.9535717333014381
54,0.0001841499646640168,0.4767626045957386,0.00022578002527969058,0.43690735221556193,0.03936363146511572,4.624240741281588e-05,1.3659747623974823e-06,0.481257683610486,0.21940901986381872
55,0.1534409483334232,0.8392877352052188,0.0005403325038983177,9.366055360309772e-05,5.122027956335708e-05,1.3125158916458948e-05,0.5105926927246296,0.06487833041111984,0.1489190431549471
56,0.002653643999367318,0.9985990883870597,0.8630738332652926,0.001752764239826148,0.9161349288690949,0.020467006000132217,0.0014959376596497963,0.4156000057873088,0.27748344202641334
57,0.8201615533494773,0.00017794224586214125,0.038546714747759836,0.004446917864372408,0.0002951790070228528,0.6559413467831496,0.39159003662249636,0.001061346291951805,0.004233876048408281
58,0.4096326310366852,0.02967660321548484,0.03884526783164313,0.0170751336964339,0.047649307386349225,0.09220725429671775,0.6402500109228412,0.008896122810158618,0.5184201832740503
59,0.34786928571678866,0.7722834156302314,0.028187219867375234,2.806112770263071e-05,0.0038027745435096176,0.018529697286925384,0.008308121641941507,0.005984883235582288,0.004120209394470946
60,0.026468834269575116,0.18188414849538978,0.8697838755065133,0.001669685216537163,0.5164468964161087,0.4411404608830176,0.45430512273037166,0.5236784018007188,0.023145223359347822
61,5.141488268097981e-05,0.4770991736584944,0.001895397938420829,0.0027221187854256598,0.001658978231552568,8.706200148793798e-06,0.013443932489075626,5.092345678198091e-06,0.981887868465521
62,0.00013929484700958434,0.8401515608842611,0.0010451216387270196,0.17176139623766223,0.22129716860866788,6.214956860324717e-05,0.003262731798772649,0.00011886921012427244,0.6827824656296851
63,0.0010216701500266854,2.738016325482126e-05,0.0036586670485643843,0.14449824029378444,6.024062761729873e-05,0.04906523792835289,0.05978920269497197,0.0008201909946822064,0.001315551265191694
64,0.14356548635858585,0.010437946563215415,0.8385334136273089,0.00034318144645160975,0.3903220789008748,0.4244411617097207,0.004437110643228796,6.459044188645504e-05,0.00020986113141132026
65,0.20480357953213502,0.025317175787404753,0.0013274982259767116,0.2640129999082549,0.05782053461058908,2.2113422925230244e-05,0.014382690164422807,0.179132903467569,0.5241624321560713
66,0.23377237897428316,2.0952632554113635e-06,0.007942385901622639,0.0005507908437122656,0.36809165297525415,0.00046919863193917334,0.0002920066865542681,0.03910178326018671,0.16386726770830823
67,0.0008345982672987774,3.90992336014575e-05,8.472958425927588e-07,0.007551185364172551,0.02055916426106553,0.9232844869535414,0.0031023550460536338,0.5917414965821112,0.002408087476003939
68,0.01929576548842229,0.16063179868993208,0.13006337435486914,5.112666054452729e-08,0.001619186426614539,0.0041573656224997676,0.378109733139752,0.014752003479730276,0.8299904664703277
69,0.0008151394666084319,3.793701660966724e-05,0.8444552710995178,2.4588396028286556e-05,0.18738015842227976,0.000510941680135476,0.6799400044983637,5.095101552366716e-06,0.5163478419918606
70,0.07592667627033856,0.0037452242867367543,0.36072845373736245,0.09552271732005764,0.18534006978983913,0.0027637181608287788,0.00014809546056902137,0.20619497684868954,0.005199755610190746
71,0.1425786673920089,0.1868372184569183,0.00044358267791194016,0.007027578267627971,0.006136625633362204,9.180701427292116e-06,0.20822783859017546,9.57318298569419e-06,0.3509500620084871
72,0.06054482433778266,0.03942399945033944,0.08589605417879817,0.7101592083262147,0.10922237620262164,0.01967592276053188,0.0007672899237458643,2.6962738762727076e-05,0.12481220251771649
73,0.0007592675290148196,0.03469936429704006,0.05450925207211763,0.006674081119742749,0.007813103687209211,0.10015724498573884,8.14235558967407e-06,0.003584412301918711,0.6253114284522909
74,6.614679449400024e-05,0.3452297695339985,0.0001732545653407554,0.00015427012611512748,0.0028648190552056124,9.35657498985e-07,0.00036369373144998684,0.46144612091907494,0.26282276142290517
75,0.00023768672768406183,0.5358004555703799,0.0146078228124556,0.06159998221161716,0.00026038323425011636,0.038551630894665505,0.0009582149847147689,0.3151743589624083,0.013683449630590134
76,0.00201066807004381,0.009118957168250338,0.3299128674078369,1.373718909789776e-05,0.00016841323929256432,2.7255339142531342e-05,3.5160306679224866e-07,0.0004790715118613455,0.024947082017210923
77,0.0001346531782166557,0.00432129997876002,0.0002760781673835777,2.6881347968541046e-06,6.067408867302744e-05,0.03475859583898764,0.03146476663642786,0.7565695957621472,0.002149092904741021
78,0.2734178268708913,0.36960193326500246,0.29348637827361146,0.013370062251666972,0.05784998406931141,0.00627688732932999,0.0009687215874483934,0.05533885027941884,0.9050325667185162
79,0.12712521902040297,0.0018482049865949672,0.5273424163162597,7.576454972358286e-05,5.399069878468632e-06,1.136573274575228e-06,0.02946504042013728,0.7909101627657582,0.025058304706958686
80,0.49525066568290566,0.18863721364319902,0.29579181572760355,0.025182733204743266,0.05549537181263814,0.44032939233891755,0.0011953164967445284,0.94376050724261,0.0005016207778061491
81,0.5918266396880536,0.056313572744222884,0.5975956236715643,0.8246916685872856,0.014298663846414863,0.003487680033836279,0.08932306663855295,0.06382767236069416,0.4815552876606596
82,0.0014154560341047722,0.8967025338327774,0.8684361565011107,0.24356853316005372,0.04692163113811067,0.007826882812583237,0.12134861643953669,0.00011061850516106499,0.006250849759050841
83,5.120011553698422e-05,0.027180505342102163,0.0012170481824741852,0.37327236157620347,0.0003774875586700505,0.012540953338317435,0.9938463825885601,0.5702602745927582,0.04738317989439087
84,0.29096767486505715,0.8232430672030291,0.000853351448666649,1.0198466477990554e-06,0.09073818706656492,0.3890598178180455,0.04267276664086279,0.9358715655568794,9.196683562987853e-05
85,7.996463120895448e-05,0.011374922509899568,6.853829315529374e-05,2.0798370900746754e-05,0.0193050338576809,0.0006065783959471219,0.0032744866733226347,0.00011407133156820476,0.03627352162232211
86,3.495335551330241e-06,0.21469725343210494,0.0006345689394776838,0.0963066186762549,0.41042186154792093,0.0017091764456935124,0.6861690616939721,0.10085628470895494,0.0009036086027146737
87,0.008147934366234195,0.0009275050284727503,1.2549565621645278e-05,0.02935111648312397,0.0035031108961569137,0.08019279833241923,0.01959370804451841,0.0008564198897130348,0.05334841454948769
88,0.013153794808442911,0.0026242196333549146,0.10960961334311099,0.14422157780272715,5.278141938838084e-06,0.21728456643822935,0.00029306946111765195,0.003405084630865136,0.010099166609448549
89,0.24376584482746683,0.027731122780664984,0.003715673415739018,0.00018835800976169166,0.0011724763835334335,0.03584572022804955,0.005496497833344267,0.26315325018315733,1.430075248175742e-05
90,5.632682973602027e-07,0.38425183914411754,0.0007741240044133942,0.8655897158360043,0.0009546792121475011,2.3949363685996067e-05,0.00036927823110870445,0.7797166868544758,0.052167040441633034
91,0.0009031590395396803,0.0007878652230973019,3.157705075066254e-05,0.9906755164261857,0.02802367402679707,0.00012997388941430484,0.004569726992842135,0.987975276982918,0.203232548069068
92,0.00014771164493098017,0.9765756618062247,0.00015580926232502027,0.8409085272451887,0.5995574894873983,0.45261772068961126,3.2003600940371756e-06,3.777846845546362e-05,0.030685330292393943
93,3.408673584165961e-05,0.00042207492128536265,0.001669675818028954,0.007777094939168115,0.050299954228398294,0.003296877901092146,0.00028146893036550295,0.10210733655428408,2.8407721477898154e-05
94,0.36909148655168506,0.901497158139852,0.0006142119777363806,0.08439927400039783,0.0255710497409784,0.00017167503417842272,0.40241236665105845,0.5530796638181794,0.00042155377324365944
95,0.20499865979851872,0.5580490171656265,0.000499399743718893,0.04472278797419876,0.6913579273129031,0.054668240733168255,0.43056751157306705,0.03960763132220004,0.10356153746095823
96,0.0015162242973716653,0.00024062679632775734,0.49919827944598594,0.21673980623385747,0.0017042289573895636,0.09426228335147388,0.001556526005192882,0.1657707278423001,0.0006990666646479808
97,3.1851956361729044e-05,5.379353294464273e-05,0.0004935516692277998,0.0011411674585545995,9.177230724914706e-08,0.09127772494418951,0.5,0.9806086753882992,0.010986355915767817
98,0.001180812718954894,0.0006483202726199247,0.12475182278127038,0.8073850157754073,0.05343111667559242,0.05011213539854875,0.01747544432490819,1.75783178913968e-06,0.028286545901628324
99,0.4477126494776164,0.0020498809695146916,0.1020534280931691,0.010184278808734636,0.007812863058416138,0.2646219328567391,0.010556803282789727,0.022991579715339775,0.00018249394759628745
