0,8.686029382452224e-07,0.32732586823031284,2.5131985280766494e-06,1.6788335649385992e-06,1.8516899842343098e-07,2.1015751195203202e-07,3.2024510646485313e-09,5.318485967855653e-06,1.8126234827119141e-06
1,0.29885258930361236,3.306249731072849e-07,3.1301126676172865e-05,2.6174919714599955e-07,1.124061883064788e-06,3.0424321066810086e-07,6.685621181456555e-08,7.763037912306241e-05,3.760308648352674e-08
2,2.5694907166722086e-06,6.6005004098548534e-06,0.02247652308658054,2.4378662733756665e-08,0.05945645525331146,2.238787387751584e-06,0.0023363714550498024,4.77198095351295e-08,3.8129448585723133e-06
3,0.07015361105130609,0.6882573579503217,1.127587594084423e-08,1.722175911236382e-06,4.55234133019462e-08,1.4702923221846344e-06,8.584139092534742e-09,1.0242682857374376e-06,1.0267154667539084e-07
4,1.8006339952669549e-06,3.0303328256165947e-06,0.00013503653720860006,0.03590445271146974,0.002550664706046648,1.3138500749421742e-07,1.5635066495144973e-08,6.3323538261398e-08,1.1348909800856027e-06
5,8.319828195267232e-06,0.17915591356063168,0.0045550658368034005,1.694023735836711e-07,1.5261003987510074e-06,0.09825950395918141,1.1180580819846183e-07,1.10075029178572e-08,1.1117925628946521e-09
6,2.1981904704325176e-05,2.0226833042539124e-05,3.0602674806380754e-08,0.21829787527233296,1.6044230712882831e-07,0.878065524982907,0.0011826713626280452,1.500677617055658e-07,1.4815539293911992e-07
7,1.203291885938337e-07,2.3272910053499583e-05,3.978510575785102e-06,2.529952375605761e-09,0.13144611147357102,0.002414381326453856,1.931015812350067e-08,0.5092258403075846,4.982226899801583e-07
8,2.1536566041151937e-05,1.4703209350350066e-05,0.17433756641155065,7.571555794893282e-08,2.8696082071005397e-06,6.2440298830828686e-06,1.7376232632730634e-06,3.199050830014672e-07,1.1752232339160463e-06
9,2.532211169700668e-07,7.734084873883291e-06,1.958287259690391e-07,1.937931561902993e-05,0.6630133269788226,8.199930970561096e-07,4.1476967284957285e-05,3.4462698528432335e-09,2.551356816362111e-08
10,1.6775641045338623e-06,2.9881637863447195e-05,5.123436979354056e-08,4.517011108744331e-08,1.819206389578586e-08,1.1965969782466895e-09,0.0001423796603805414,1.3193841530686095e-05,5.881915859805587e-06
11,6.962382879704497e-08,1.578816068572763e-07,0.48734461249833233,6.05982913229406e-05,8.87581790184038e-08,9.684459721785923e-08,3.5896646657264753e-06,3.7585792176759024e-06,2.951509655327743e-08
12,2.813651141405925e-07,1.6131375149597576e-06,7.904733598928128e-08,1.163792876305755e-08,3.6712337477198016e-06,3.0845603162547783e-06,0.16331863207646483,6.119793702836154e-06,1.1914392423765437e-05
13,1.5698079585353124e-08,2.035801979168283e-05,1.536996915353045e-08,1.2842486544144723e-06,1.0005071618552795e-05,1.456388101390873e-07,5.475166676769143e-08,3.2756853564497375e-08,5.1658117616559954e-08
14,1.2304794883745468e-08,0.0005666683323782278,0.7668626292674507,0.00010101474135015648,1.1811827209298973e-06,3.714047117630518e-08,1.552596676532876e-05,2.417898054707234e-07,2.2949267215516204e-05
15,1.3133994749497194e-07,4.2330628691190177e-07,0.009381916816471592,1.7998398018906e-05,1.9518253672867427e-09,5.9795652148829e-07,4.50732747188807e-05,0.5992075677167673,0.003199270710534214
16,2.574988024984956e-08,9.608292340216139e-07,6.158309512956644e-06,0.599358439844436,2.6853737971182423e-06,1.430170746909125e-08,1.6310478153577592e-07,0.5224194760393387,2.970603589307957e-07
17,1.915276628273155e-09,6.107563097358821e-07,1.4393206503876146e-06,0.0026147192470355905,2.8179646526664474e-07,0.005322414760586234,0.3619796631518438,3.300438346886068e-08,4.5071929990722846e-07
18,1.2268815599831018e-05,1.65346796585308e-07,1.345472420350019e-06,1.8075206117581868e-06,6.732678112230546e-06,0.28362039142692996,5.628402229850797e-08,0.009402333131619584,1.7793035094030498e-09
19,1.5974755243578175e-08,0.00011332745754858677,5.794814851398406e-05,2.67985479595541e-07,3.15063614699166e-05,0.039131401523530875,0.0001427425862753068,0.151375635086808,1.9212336297449577e-09
20,4.404959892933183e-06,0.2694981908332017,0.0001225129958073296,2.812506636922373e-06,4.057245469114781e-07,3.134814973668674e-05,2.2350451698573385e-09,1.592345738287511e-07,3.1086156081004303e-07
21,0.8446976700541906,3.805843522797975e-07,5.603448691619703e-08,1.1576555233549708e-06,9.839143814296433e-07,5.522823231985047e-06,2.1942080114285653e-05,2.8109515159399377e-08,5.984202081341931e-08
22,5.750531140185456e-06,0.022913801626969214,1.8996597135512252e-06,1.8080692175866923e-09,0.0030690211673725437,1.1658238789550097e-07,2.705067875874254e-07,4.161860092169463e-05,2.2641526517246678e-08
23,4.853685016005974e-07,6.038949058899185e-08,3.006861429516788e-08,0.0917295011807609,3.151160197743872e-05,0.6186443052152215,3.801607248134118e-06,2.027795061220501e-06,1.3649650926031484e-08
24,2.2046393413283527e-06,1.169056110744806e-08,3.564269082508743e-08,0.001136784480462709,1.3793194412957942e-07,1.7786679750627828e-07,2.674710077924478e-07,4.0859802652457936e-05,0.003442819905022128
25,3.2486535147984256e-06,1.1318419640048026e-06,1.4076631211511374e-05,3.8402287234454955e-06,0.38810290833134653,2.0101721295512167e-08,4.367677987122823e-06,2.1443758640564883e-05,1.2706914157067007e-07
26,7.097356887396253e-05,5.439235309961442e-07,0.24948980318840785,3.4328473116209694e-06,5.839047093866723e-09,9.322684818319084e-07,0.062023805054172224,2.839789578770152e-06,8.30961922048184e-06
27,8.60679855641371e-09,1.8376001260064246e-06,0.00015824866206204282,1.6064550355032453e-09,1.850889515277034e-07,0.00013341280169945052,1.9801593219416785e-06,9.276845782822486e-07,0.13080619883597766
28,4.2402560812949257e-07,4.730509206211896e-08,9.91921677301123e-07,0.0001177525687968964,2.782718235780694e-06,4.466811272260855e-09,3.1586528394358384e-05,3.036080802349261e-06,3.5317413659470685e-05
29,2.8540596592586317e-07,6.889561421184165e-05,0.43818951076353513,2.0189625963878882e-07,0.0001653254613079372,1.6322349092248933e-08,0.7449764515520911,5.444466688538383e-10,0.0004847188611184462
30,2.7277736891609892e-08,2.649380260541827e-07,1.4803626654911936e-06,3.496521625077788e-05,2.399941775077551e-07,9.538874018484353e-06,2.1112048036892514e-07,1.1087151069954895e-06,2.4493383402632677e-06
31,3.842675926510312e-06,5.9183433911347925e-05,1.613877534056024e-08,0.0031052253590137173,3.0833961450549925e-07,0.5403558629775852,2.0392727211526173e-06,1.145230143990334e-07,5.2901820232467504e-09
32,7.247707739213866e-09,3.943606713113157e-09,3.4440885677862047e-10,2.1662196394760155e-05,1.2597965930680243e-07,0.013909597615034103,0.021444413945900423,4.811781921457188e-06,0.0006761245408022034
33,4.615741601734781e-08,1.2731039951822432e-07,8.091059115533523e-08,0.9908725276878919,1.0490783410918992e-06,3.7312159919206376e-06,2.2247557376746487e-08,0.002676571761777647,1.56660929069357e-06
34,0.7115706430377351,1.8500225705682055e-05,1.2187530285797412e-08,5.920450249428431e-07,0.002794966294036375,0.0004924366469107952,3.520752156039476e-08,0.010061789849822467,2.1369858458549144e-06
35,0.000539434082693681,1.900708772343064e-08,0.2844843725155986,0.1622156936325281,5.817685411543724e-07,4.7051736646957377e-07,2.0133251116009042e-06,5.34441310789711e-09,0.00017130187939727072
36,3.194415595225951e-07,0.003086178022436707,2.3761825771772967e-08,1.3675840715966193e-07,3.157578657457202e-06,0.006387325458701329,1.3169956304092617e-07,2.571846215671122e-09,3.970441495054241e-08
37,2.37537023923604e-09,6.27363270612349e-08,4.13810901945182e-08,0.03112362061874012,0.001031451006080947,0.009902872731209895,9.398016399661174e-06,0.0002735383679733821,0.00019713902986996936
38,6.13293569395412e-07,3.0026577477108945e-07,2.061738109544228e-05,6.952943103270815e-07,8.779858949982972e-08,0.0005028809647019759,8.703595083591358e-07,1.5252786520164275e-08,0.0004933056675352427
39,1.1579103949454145e-06,0.009030574216498829,1.3257096259521542e-05,2.59545709616485e-09,3.6504029258615267e-07,2.2149402210945816e-09,3.371094839015586e-06,0.007359049060947605,0.0036874271475064273
40,0.00037244143966862545,4.287464509480799e-07,1.8158963798791873e-07,4.011014297627275e-06,0.003174237782522898,2.345078565822112e-06,6.32883167559046e-07,8.804341056379977e-07,1.0985674165530552e-10
41,1.7340774964833185e-08,0.0011676290622760666,8.65542132809497e-07,0.2070868657618155,0.0016591608569204443,2.8617368270371274e-07,0.000357277218991006,3.9993430038283556e-05,5.518954356154758e-05
42,4.807425689525231e-08,9.150772106644633e-08,3.0108516742470727e-08,1.2387070756793965e-07,0.006641108799255506,8.314085041869304e-07,1.730524283129828e-08,6.612787067399528e-05,2.9617127375499945e-06
43,8.492215247601975e-08,0.01530416727499325,2.389452204045885e-06,0.001154435033220895,2.1399819180243323e-07,3.0159271720336626e-07,4.8861442728374456e-08,2.791028551298709e-07,5.833948413683257e-07
44,0.0021852904437016634,1.423463069901387e-07,3.883863627621383e-05,3.858420600879061e-07,4.276116671491089e-08,5.631357303587353e-07,1.6326905899161116e-06,1.1252208689274193e-06,1.0466601183566468e-05
45,1.2048931752546545e-05,4.755400794977037e-06,4.6837444983818565e-09,1.8271470845411448e-07,0.25136440130407794,1.3515546454115525e-07,1.2130743219224379e-09,9.829228349365778e-05,0.034464701802879374
46,9.4446671149409e-09,1.2412249344560833e-06,1.0624121649694248e-05,0.0005424363184300779,2.374495509783513e-07,4.450279542514623e-06,1.7558712610416605e-06,7.524333204264319e-08,2.2975493610169337e-06
47,8.860116018563589e-07,6.286879830545487e-06,5.546899912695918e-06,4.865269199040801e-06,1.6149229142752936e-05,0.004849281863329408,1.8058746854690546e-07,0.00215140409557898,2.1751317837898314e-07
48,6.634698894797264e-11,0.02161975528868567,4.504661219648127e-07,6.5727065743249e-08,3.185840472221514e-06,2.1941376238996245e-06,0.0004850275154101468,7.34113357550283e-07,0.003576564818253143
49,5.691961440994197e-08,0.0005982362445798463,6.4094936881403535e-06,0.0003876977016694092,4.549047593252659e-05,6.884190327666568e-07,0.13718159073736083,0.023820786774403673,1.373143921606997e-08
50,0.24406409316847866,0.002389135172112338,0.009168011785405338,1.083057445212488e-09,0.008987407004496798,1.1481046252487535e-08,7.627565215124689e-09,2.1939755338816482e-05,1.728592193071142e-07
51,5.0616327545067074e-08,1.9182537637314362e-06,1.297531294787458e-06,0.011012507606405753,2.171925419069106e-08,3.6148051172040614e-10,0.06768516438468566,6.15775067505407e-08,2.0098272703006158e-08
52,0.0001650820807430709,9.52659646596446e-08,5.651006775342143e-07,2.463957632373172e-07,0.22248616618633976,3.812991894069783e-07,7.3109622606753254e-09,1.3280635044909342e-06,0.00026874676971892113
53,2.2200185266826198e-08,0.0003792554430097222,9.491665693315278e-05,2.2705393751575256e-06,0.014355006208385947,0.0015109383248881343,1.569115994740835e-05,5.62077202038668e-08,1.144255008733736e-08
54,7.567691437522678e-08,7.43187519761144e-07,0.001005181076728413,9.508904796294744e-06,0.0014463790522015064,1.386224223337162e-08,1.6096618189716963e-06,8.42328695213169e-08,0.0057806415467697315
55,0.002996064329206089,0.00027603234145314034,2.5507862640274447e-05,1.524659522406325e-08,2.937335160580267e-08,6.64090121858407e-08,4.9128152285389776e-08,6.245062259632067e-07,3.593330102082624e-06
56,2.418506004147367e-07,2.34661515820946e-08,1.7080268828343636e-08,1.358909410261708e-08,2.5023092792007634e-08,0.00034324503030973535,0.042282196083893886,0.007003182027162773,2.7699650056946112e-06
57,1.193241419397807e-06,1.9496691595015253e-05,6.506512199975857e-08,0.0013646388209944472,3.4318790702799772e-06,1.504327434620238e-07,2.1558778955038922e-08,0.08563917478471626,1.3482535283063437e-06
58,4.5884209034928516e-05,0.028784296159523288,1.1193489272722024e-07,0.006619107027441604,1.1585264815236902e-06,1.205195107089533e-08,3.452799266282589e-05,0.00014842691224064403,7.592009215375784e-06
59,1.7890243633037937e-07,1.6521321723237642e-08,2.984135741794035e-08,1.1266089078300583e-05,6.901015773557032e-07,0.008443474438937214,1.2337480550974e-08,6.247593592778946e-06,0.0008518370792318422
60,0.5368812996085689,0.0045529510829661005,0.00025159180195010735,3.576554059554301e-12,0.3405476344878643,7.949143898647018e-08,8.191424842379319e-08,7.2367972530736385e-06,0.015619867579749508
61,0.13930990063035387,8.590705685954711e-10,0.12832923630974832,5.6724631549102846e-09,4.0975059745675956e-05,0.17258034079774934,0.005301686669359254,0.7874695185189684,2.578244546225929e-05
62,0.0001611436482823465,2.6647970540581534e-08,6.084341028475003e-07,1.623956063774441e-08,0.0008471806424131447,0.0011924289083913165,1.7309197916206782e-10,6.592784428560418e-05,0.023504577985759084
63,2.7754631329955984e-05,8.318446696962308e-07,4.931777355919301e-09,0.004919535023422815,2.6024852668347366e-08,5.681455160379482e-08,0.0005284320829080503,8.117844983963376e-08,0.0002717152745254237
64,0.0002135879982857594,1.028010729884704e-08,0.997740211565778,2.5786894191963463e-06,1.7017552407424223e-05,4.926877253490045e-07,5.003904292164047e-08,1.7850238931249588e-06,0.00010398952547839571
65,2.2078055015117883e-05,0.0004986299653666633,2.7673577737014195e-05,5.960433789893407e-06,1.8666248923353934e-08,2.0809639798806986e-07,8.23013883350127e-09,1.1209269169257968e-07,2.1643382343952905e-05
66,1.0548005229238327e-07,0.33409707131556565,2.676282705257476e-06,2.741597669527401e-06,6.869530479634064e-07,1.871989395573973e-08,0.7489649038583218,1.5896802314678722e-05,4.690931267693785e-06
67,4.6070852146136434e-06,0.00789037795607595,2.169562832057089e-07,0.013135269114999841,3.3010194517271604e-05,1.9347883380451552e-09,2.8969172187688443e-06,1.3598328306224267e-05,4.086736852927957e-06
68,1.9547540151485234e-05,1.0348163931547458e-07,1.1192088635063365e-07,2.3420135822920056e-05,1.155934264553089e-08,3.458627648787844e-08,2.583723049574226e-08,0.4409126408840456,4.576049729175633e-08
69,1.6241168651424535e-06,4.174753724774931e-05,6.489067465417694e-08,0.009533441971633904,7.39275703654225e-08,2.873468830635516e-06,0.00018831538279061682,0.0005801031011661057,6.9698930760204885e-09
70,0.018486194425685252,1.4049843777179772e-07,0.07444045145088427,6.938729717314541e-07,2.308361946396055e-08,1.2534343281802244e-06,2.6731239446087656e-09,8.778124326769288e-09,0.000195086455061304
71,0.007732773368875055,7.3278441575233685e-06,0.0008309521127106426,3.903975534445444e-06,0.06635160379043764,3.7780813973703417e-07,4.999684587871943e-06,5.5579596433246305e-09,3.2005557511985787e-07
72,0.028381498163199247,0.00556555021954027,0.06480815537087674,8.50245708869906e-08,1.689430064032201e-08,1.7451129417018472e-07,1.8205041539210017e-06,1.1414396979450898e-08,3.1979260941228697e-06
73,1.4621769173534597e-07,4.854333097506465e-08,4.189006225312334e-09,0.0026173400104122354,0.001920762335186958,4.3341114405297915e-05,2.6092630515648366e-05,2.2750769482558907e-08,3.475155336336706e-07
74,3.2484593705080085e-06,4.556404761079409e-06,9.961726038096381e-09,1.3575551131570704e-08,3.5544011958149266e-06,0.004072239237786632,9.984017077392015e-08,2.4540974995715934e-06,5.284030103980481e-05
75,1.7915879078772777e-06,4.3106696677831657e-08,0.8966113481139438,5.5169458645836845e-06,7.535606284382628e-08,0.01339104518652066,1.1373102230481619e-08,0.00013758510624028316,0.059028630340904394
76,1.3405818451725097e-08,1.154667120529854e-09,3.374678308108689e-06,0.061513970282868626,8.76450255977575e-07,3.81759705073011e-07,7.895388492384995e-07,2.2616529065481558e-08,5.654444450423066e-05
77,0.021858328931907985,5.70445630610972e-10,5.3050660958300956e-08,1.733240084485705e-08,9.038415678153761e-07,8.267796126831574e-05,0.0024021322776939065,1.9169244802083908e-07,1.1011915907971066e-06
78,0.0004082608116065905,2.2137551168096425e-06,8.749069037999201e-07,2.8681605810786797e-07,1.2276532513531294e-06,7.75094685382689e-07,4.719847467904125e-09,9.303380821166326e-06,3.5629478296522253e-07
79,0.00029616272634178147,7.209441224029316e-08,4.707603490609472e-06,3.6504977142558965e-08,0.011294039503840303,2.370494019253469e-05,0.0020225469659157307,1.0928148925377087e-08,3.8023157704141245e-08
80,0.3604323275857968,0.04592460239389119,2.5920381694820555e-06,1.0737897492787193e-07,0.00012359027412200298,2.2207313875479352e-07,1.9220203183244515e-06,4.522448664017206e-07,2.667492611365533e-07
81,1.1823471081799402e-05,3.050211657940809e-08,8.718907896569308e-08,0.5149973821536649,1.8194411559619023e-07,5.014992384660515e-05,6.794322315601734e-08,8.885634118832104e-06,8.09940334644875e-08
82,7.246499385733814e-08,0.01586056113607119,2.7891287162712005e-07,7.033983131793055e-09,0.660741073510069,2.736903737705011e-07,2.7655429468255083e-06,1.8233903940365423e-09,0.003076257438352227
83,6.226716975907726e-06,2.175068359473947e-07,2.6671783620907063e-07,0.008744573598947007,0.000227968234078981,0.01864536813459245,4.55466062069312e-08,6.730577608065485e-08,1.1096884455207491e-06
84,0.009403845442570214,3.946012753767825e-08,8.884818979797047e-06,1.0444557390179753e-09,8.167920013775334e-07,7.156538581616887e-07,1.4556091247991558e-06,8.131868613721308e-08,6.387417692623033e-08
85,0.014845158141663494,9.486443981968266e-09,5.0626263111368984e-08,6.522581319540141e-08,0.10271609877266424,2.53281002854715e-07,0.0006071006507328171,5.168527652818018e-06,1.391334331833234e-07
86,0.11308673123092221,2.918643723104055e-07,0.47713490797852176,9.406414183081808e-06,2.3371870615712768e-07,4.200242711641112e-10,3.816422047941219e-08,2.93374494886911e-06,0.7104003635127147
87,4.5985290638661313e-10,4.831314135107127e-07,1.7612252038169496e-05,0.02095370912443565,2.2888194382074122e-05,1.960286926132265e-06,1.3401205018063866e-06,0.07412403252802713,3.7064524068900556e-09
88,3.329902201130603e-05,1.0182041353781205e-07,1.4832387632144294e-07,9.983724614969799e-09,3.581328656761932e-08,0.05813292369134434,0.0003422709675975934,3.0934677465885113e-07,1.984098647373105e-08
89,6.749444581828419e-09,2.198157858690127e-07,3.680135983895456e-11,1.3866173257849235e-05,3.015058696448656e-08,9.83970102439101e-07,4.64420575155164e-07,1.5497611899576853e-05,2.9816950534737e-08
90,6.996245318436232e-10,0.6359148312083513,3.408183952407517e-06,1.1002321852740349e-06,0.0002896492361501353,1.2553728757678425e-08,1.0032759452761707e-06,3.799640996602592e-05,0.002058292485547199
91,5.196560153784803e-06,6.827252073991625e-08,2.1347211033701556e-07,2.0382754881614009e-07,0.0002947043431343329,5.4894460892729345e-06,0.000527738624886123,1.5806457938764683e-08,0.9939236785821175
92,9.943561558823411e-07,2.0467275506050308e-05,2.1332197549071008e-06,0.023548703999947195,1.090800070092502e-06,5.660245047471017e-05,9.767020869444928e-08,2.27564106818333e-06,7.529047145365728e-08
93,1.2943411261711172e-09,9.447045400213774e-08,3.9712018394251185e-07,0.015610407158542308,7.254949884248617e-08,0.01921717468217559,0.018661258063743778,4.443179900023259e-09,0.000728721031285622
94,2.902664793653772e-07,5.280776030149057e-07,0.003405795126907473,1.1019364608949563e-06,5.808083090118477e-08,3.140698387286852e-08,3.122021686813941e-08,0.11608589690962448,2.0840714496997675e-06
95,9.583403073804515e-08,4.543878759320981e-06,1.3446601058883466e-06,3.7253766330038065e-08,1.1158012615530742e-05,4.556381874780334e-06,3.998400441200068e-05,0.05950771962359082,1.6700910636396402e-07
96,7.342137111519013e-08,1.1058916733301212e-06,1.699866443260052e-05,1.5557867760420057e-06,8.470538869652078e-07,0.29810605238184873,5.985875844158782e-09,1.2872280525815954e-07,0.5628664190473921
97,0.000815626910721113,6.317750129285287e-07,6.93795082578556e-08,4.334605675858693e-06,5.821631407374179e-06,2.502834640050393e-08,0.04183557416046878,0.0004100344910671424,0.7115984787097032
98,0.0002724050497273985,0.000976853167495296,0.17925627420132953,1.1207396634105242e-05,2.7594139216473297e-07,4.360477982784675e-08,8.102945533534139e-06,7.905591394094543e-09,0.1708819084051661
99,1.0554868735048503e-06,8.617051167062773e-09,0.020321955565380058,4.893735404804669e-07,8.445758850084564e-09,8.745551343966625e-07,0.3193514563804854,1.6996231848682004e-08,4.288072138255484e-07
