0,1,2,3,4,5,6,7
-0.06324071017096523,1.6551923253637328,0.11616911175196626,0.725436499675929,1.2035188532490162,0.7050475040128262,-3.9571970413087008,9.135381161152244
-0.8082941853882443,0.21081138807430774,-0.16055961556220671,-1.4679820332703866,-0.11653019366369406,-0.4659837932549314,3.5731882000948265,-4.52504588948622
0.8468183475673761,-1.9154898862690526,1.7682016132905174,-0.24144291049704875,-0.23878549757149686,-2.4195043647018335,15.253925788154046,-46.05412114707115
-0.7021550885585919,-0.15556331242778856,1.383129952172178,-1.1407725722405309,1.5646663860489238,0.9497483426308098,8.354130915326767,-26.14443355359841
-0.06799062352380521,-0.3009185402588835,-0.5407022151525903,0.1838303378904602,-1.9203908180592029,-2.4515028036500213,2.341539265293796,0.5212505385853252
-0.10863102173531261,-1.4099791686514236,-0.4846603300919867,-0.5767994027374388,-0.4811601350652534,-0.9468083798443191,-1.9666362601419978,13.50994205637208
-2.635165946454078,-1.0362462729834772,0.191233850272297,2.097572003151682,2.7910440468306716,-0.14195924430437576,5.800167798876962,-25.81212305885359
-0.792763951177317,0.22985948835269876,-0.013844970588434685,2.725668181132935,-1.4393523653865403,0.5909939715066024,-9.579718152578186,21.215058870683848
-0.3890960446341468,-0.5148272357153069,0.2779326573730404,-0.5013526703304307,0.28499612886496495,0.024911655330943926,4.259766643132634,-11.195752237866584
-0.11643558738672498,0.08190595235517752,-0.39240635334213786,0.3768773271505356,-0.13199882664094337,-0.23121668254854946,-1.0773219694499498,2.908549883132134
0.7572690807196787,1.34115451773378,-1.6870208614217352,-0.5410581804260346,-0.25520494199959676,0.702914413786219,-4.320341845115306,14.142256483592252
2.503064969006376,1.965550770852904,1.17392992664458,-0.3693721710478626,2.9249987994379705,-0.4917713489855728,1.6422686021433885,-6.797077914451032
-1.097468422762572,1.6417754772889497,-0.5386510342211367,0.3374939690139332,-1.5188934845627968,0.43756891017783167,-3.401385833744501,13.017181491782315
1.0193334563982837,-0.4293560064504068,-0.19581327063917384,-0.20475032068205123,0.4867100258212912,-0.5254847485356712,0.43888468190700203,-0.12980836946898072
-0.7551674586200174,-0.07561507876136267,-0.3507537915829084,0.8021271514442294,-0.5256792877352966,0.0033873034677286908,-1.7339271982236864,2.866324759654759
1.5303757324507268,0.2205950239948072,0.9379328252105478,1.5017282654070783,0.49229574394293524,0.36020737860498286,-2.020001175077157,-4.068887374330648
1.9429857014761147,3.1763113002538432,-0.07164441530756795,-1.3815197841995832,-0.3784002043293081,-0.8403233696356205,-5.818761419397876,25.1107712263778
-0.12753108489520615,-0.9455464378950055,0.1651033638332056,-0.1888501093395051,1.106148072733606,1.9392235093988546,-4.42267238296834,7.951721859791494
0.069623094864748,-0.423188397203255,0.1441831989473495,1.1155054543133487,-0.145982405434944,0.07777439628541896,-9.907126990855753,25.537451519468792
-0.43139413563570644,-0.06599781351577674,-0.15476365677977916,-0.4946307694856813,0.00834537302884267,-0.337154229516264,0.3050711936923076,3.4605047647194294
-0.20713718358461491,0.03622583664412351,0.49181405673226375,-0.28633783320309625,1.3335793319158118,0.9119311440920842,0.8270817193984388,-5.1521861798675515
-1.6469424501651966,-0.4799007912048816,-0.08059981571513213,-1.1060549843173135,-0.25529296157229847,0.46266112397149095,5.328656104500677,-13.254464381847507
0.31671040494823893,0.19850709578983441,0.3864698588248545,-0.6307183519196867,-0.26918173207744495,0.30731798681392486,4.8634023042254615,-15.053699640569967
1.0046287672353063,0.0646362884288212,-0.4032085984831329,-1.983858340794534,0.38600204681025385,-2.9343231395193397,9.85444223594941,-17.95147956484219
-0.2078119313667798,0.04456120973283488,1.3147443499395146,-1.216528019618906,-0.14735894109256925,-2.1380000715957874,11.992673944150066,-29.57020420661643
-0.2672951677132603,0.19821996050147786,-0.41235130232794415,-0.6142579990804379,-1.03490700257046,0.11848813004995179,0.8182188947849633,0.026451408903593654
0.350146535381698,0.29801993197695104,1.612246656911977,-3.691215274168031,0.24656621827475025,0.15848004227721937,14.815148047462142,-38.23879325124458
0.13815560630316606,1.8367111379865355,-2.3963650928629625,0.35296550246851566,0.6980100120216788,0.014007296319015294,-7.277088266711107,25.19623149031845
-0.28536870424863847,0.6162501850392967,-1.1578137180084807,-0.08712799433189823,0.02879535374401118,0.3471049718010942,4.700576692783143,-13.751632173719383
-1.2056206490040804,-0.556010679657546,-0.13980610537846855,0.2002136382966487,1.0513781727258285,0.1918752465901793,2.2714483075924257,-4.891404311152436
-0.9339432915984682,2.2969030701330326,0.9623053568262429,0.003858244218918247,1.3168948507406404,0.061085433636437855,6.971669357687169,-22.047588682235762
1.325673543970562,0.7624068656410908,1.9501034959916845,1.2939136816047925,-1.8597970616768134,-0.7432581862149276,-1.1735151250026876,-0.757475590725221
-0.17725936715913992,1.6591443032302873,-0.3611401019955468,-0.8036380092296952,1.0472857682135506,-0.08018958421054757,4.852755506563495,-13.004643167362158
1.1960486340567293,-0.8046839143444023,0.2750325008197268,-0.08996810399617368,-1.327586141409883,0.3529205730669813,-4.292526426748147,9.967031930550277
-0.49752504667880637,-1.7927893919938291,-1.499909480674997,-1.48665493345363,1.194954662306482,0.46208020806988676,5.254808113436859,-13.037277778254037
1.1244743082861002,0.2993687929486436,0.04215945519967805,-0.35080498684595446,3.8910406736771974,-0.2280007555035164,8.369931422628332,-26.923313457653226
-0.042776858225960744,-0.19732910896628503,2.259558094322584,-0.7437180237396233,-0.2981381910925924,0.3163435069876003,4.9501745720317025,-16.56124999154487
-1.4624264087320047,0.17071907231800365,-0.032341065358826485,-0.39996359611728305,-0.5236850189485093,0.020827871830822815,1.3794261732511204,0.6682988536216884
-0.21688518608432136,-0.06432962343511425,-0.27797046910690115,2.001115076825427,-0.9340600694744986,-1.1610129545065115,-4.593034053743617,13.979395536417591
-0.26568564074700807,0.14209927141750586,0.2709939135417472,-0.16265245545641904,4.624711567273049,-0.24839314688534447,12.633628759683567,-40.66957150752116
0.41355491612825884,0.22755528695043226,0.6956428562065142,2.1538482425470917,1.0693248032549276,0.5325648122687785,-1.8691106780993882,-4.690437519217531
0.35709189006584924,-0.28212966425473435,-0.862332669246223,-1.468850187946591,-0.5134137128105083,-0.10290605989474337,5.768248607872243,-12.659276172618416
0.03181243017670821,0.5586329033006014,1.764045423626947,-1.0250918236384696,-1.0901752128029696,0.13979970425191002,3.8444589681755295,-9.58239388896235
0.47723120840421457,0.8426714630627811,1.4517642590125979,2.4089625525115173,-0.15813696717200348,-0.19343271755650823,-3.537247573174165,1.0387065550354933
-0.861743528976839,0.3265612509857281,0.2660021818882792,0.910617846948925,-1.1577041503844478,-0.0031509371298451103,-2.407114384925177,7.6363122305108275
0.12511033590501577,-0.514421924617896,-0.7668990678131531,0.8980087288061118,-1.5167331286258756,-0.042818994960301796,-9.44820589521399,26.668992684706637
-1.0341082806628563,-0.06349545612423674,2.2747582115471014,-0.1170738636176624,0.8857483991382205,-1.0251214548872238,9.7575801894267,-29.5560105788844
-0.4324378959466899,-0.15111322358656562,-0.1581184890037015,0.29678446545398984,-0.2629596033651687,0.39442520498629713,-0.46079313103591485,1.1767497758270937
0.2306921735318158,-0.15927077510843413,-0.10375938143688289,0.18394588283116306,-1.3898256768823014,0.7319348628215008,-5.494336729209607,14.687022505240783
0.2591530629960303,0.4261949255386404,0.05424552263278861,-1.0675896338694548,-0.1489400941408269,-0.14835031658951991,3.6841725901123725,-8.423748908863885
-0.3132716802317168,-1.9905536197496876,0.45496751891568077,-1.0720369026315195,0.16902649290153526,0.3688329352128194,3.62510440342142,-10.906395757859375
0.22212027084653163,1.7709571536259407,-1.1150993203500716,0.9372817736478228,-2.0087304659243306,0.05118880495597441,-7.995563853684174,22.977967611542287
-0.15032410461647602,0.03505593600525863,-0.22234063854023436,-0.6820785287803839,-2.3077997191597603,0.02614516694161611,-4.410256922878722,15.688807764163386
0.8180815656848398,-0.2067939979311292,-0.5713756511394524,-1.2911440555574383,-1.2503808787102522,-0.5760467520767873,-1.5896355666405109,11.697277374609929
-1.137945043040492,-0.448820811364273,-1.4302587621653926,-1.4361043225630017,0.8815603156523328,-0.7963929342120558,5.759217051666144,-8.22251498340904
0.08988163479763438,0.559793034144879,-0.06450052866448526,-0.8356320033886808,-0.6493446868422051,-0.10175750679738466,1.34224398575901,-0.8710898823390186
0.041100714246606426,-0.25333895747913354,0.5852925947656699,0.4930246516414801,1.3626331954638893,-2.0145117574803564,8.41026949197271,-23.121125818020225
1.108215395534777,-0.1710465277402393,0.9995979410533087,0.33981469240108525,2.5999274302554576,0.5168836380390651,3.200900459963135,-16.66088665348945
-0.2234168389808896,0.0015051542488765887,-0.2008073678537932,-0.2227049206310968,-0.4599401944083493,-0.005721951808328926,0.4640273409896003,-0.38990577238517965
0.3194278990546476,-0.41674252428140945,0.03534719681769197,-1.0247314095366808,-0.8063857811126517,-1.6748454287861725,6.288451866724483,-9.343658279720357
2.0068357186157937,-3.4392612146184116,-0.7280170580983699,0.18090560313393364,-1.2838275787626623,1.02038815379206,-6.648222948450165,12.08121020143427
0.4090349936043077,1.9090352961581272,0.01088159449472755,-0.3602574118333937,0.0737167961148044,1.3985707719072094,-4.5648875713858,11.857126978829687
0.02998810277715306,-0.4430620359803084,0.9939596367463893,-0.20925600903331587,-4.164929655721327,-0.49670732113273913,0.26593440597114615,0.5681724461812702
-0.3194868805854439,0.8939747477344177,-0.06126436742184123,-0.08305795732929452,-0.280857595380799,1.0131308641120402,-3.7992713918714527,11.705613218841975
1.5611234002722452,2.91437653197861,-0.20014617922366945,1.903951222092371,0.6197728670076215,0.3061105007382494,-6.367651041904167,12.068142921098755
-0.5047335940306239,-0.5920003893161475,-0.779466610533011,1.3206256857217642,-0.37530937532417735,-0.06965563748673796,-5.0961171317530765,12.04210219889819
-0.008596962652579247,0.5746684868066058,0.8246699235594821,-0.9048218078396669,-0.11175687693598099,0.8184325687796312,3.1695640707163593,-9.976112394921245
0.714732522472786,-1.1211793445784253,-0.8218686144311985,-0.35138046540299245,-1.3380891482776076,-0.11547914888844146,-3.44797982536633,12.113389156835442
-1.0861322215390066,0.103722895908625,-0.4999351988105364,0.15150875726224391,-1.0238563606622726,2.1437548064049508,-6.266560145743756,19.76039731455935
1.4166089825337993,-0.17243817567673464,-0.512604794268042,-0.48900365177343386,-0.023883948464084957,-1.7860871088982961,0.6495716126429709,3.906309536882948
0.23170846413814725,-0.14325896913045363,-0.19889856643895518,0.6818258355866751,0.3828323453971474,1.692283316351665,-0.6564245519824861,-5.692929053886526
-0.24830625552563765,1.1208792258606168,0.5489878981888003,-0.23736409563834956,0.1971620220122926,-0.3886757763936873,1.9773309551476217,-4.021262137939539
0.9768716839611933,-1.0552162661275457,-0.605265759412703,-0.710599915692087,-0.15245718341165188,0.4767727856067586,-1.7049514437822044,5.891033510659085
0.03911506902261847,-0.017646686987698938,-4.822332974589133,-0.11425016993293771,-1.4585645039508839,-0.6193217377987602,-11.627613677846796,45.47912275657088
1.4148573541376708,-0.5954685293103219,0.8917759258869726,0.6582197199701335,-0.8094849463727545,0.16795651634908623,-3.8785443737101106,6.869043760078128
-1.0351598232567485,0.4302001835936299,0.22732038192352555,0.6914368632011084,-0.02977273526458757,1.2518246561188935,-1.2044805577092896,-1.3833908899378433
-1.6374412861361538,-0.37817193959668766,0.397608609233846,-0.1264769569869683,-0.7506629556487752,-1.0888112365564253,7.653422914998638,-19.58500285445904
0.7120400762117003,-0.0390397016563811,1.0227100107071527,0.4443762551604666,-0.14079836188677214,-0.20623519177451682,0.06994924396241092,-1.2694736591800115
0.02246920402719446,1.0646328121238517,0.4550330185004181,-3.235038953690699,0.34757054860299014,1.291490180887935,0.24844504913727716,6.114906479254083
0.38629243185698836,-0.7342778557548089,-0.023701718771093682,-0.8985283287819834,-0.2342636721159475,1.466067759241333,-0.16250937035581048,-2.966771187830063
1.3256665338702724,-0.4028655050775817,-0.27347229904729703,0.1581627197238851,1.8448675836561017,-0.8617786565070825,0.2221721873528868,-0.6509620777795433
-0.47083158264445746,0.9721410933689603,-0.011560097853035335,1.1307361722673175,-0.701065782992796,0.047778801901221496,-3.9271142703018502,7.951120161409973
-0.3018525463554821,-0.32325414464051877,-0.07942562080259714,-0.1016052482827029,-0.2375179715204653,1.2527195817808308,-1.5492226492234589,3.454332170469673
0.44029208726835134,0.429314186058152,-0.3853913469440809,0.11944055541888743,0.5778884206907101,0.6324943731070872,-2.6155507313928945,8.911083027684796
-0.26334466137185736,0.5517770595425305,0.4513159730388534,-0.8925544070496794,0.9308080938271048,-0.0882713435451849,6.184872382277444,-15.197657326078154
-0.019484529525051093,-0.07706837794371076,0.10311462110097683,0.19623525288979526,-0.0025791808709319996,0.9352691613470682,-6.018803579060009,12.764502511610843
0.2085975450216274,-0.1552665317076852,-0.1288782308947409,0.6873131366948709,-0.25586956645867154,-0.6085338715468257,-1.0973162014577966,2.884520179154373
-1.5065595458896321,0.9860908626900955,1.2830984245911115,-1.0084158268166308,-0.28429208529127753,-0.7408345513258452,5.995561413412951,-12.042393071944463
-1.0337148491748889,1.1371028197603845,-1.5370468495970064,2.293471638628839,-1.163596842178032,0.9178730265537526,-13.592061321970053,35.81216136188593
0.1009256266040291,-0.21690458318425937,-0.2678497583126459,0.5112709495110304,-0.32766691628862693,0.2671505067433104,-3.8283374759563547,12.227534104167427
0.024937389130006777,-0.021588001650898928,1.146310374838051,0.08183807324992569,0.7498986500898036,0.4242108639852946,1.553167490361112,-8.937865113531894
-1.811935706911365,0.5587154813971875,-0.5906525519078915,1.1606741060220902,-1.7360691575006917,-0.28726164343318245,-5.662978642461131,18.226262120270633
-1.1399353359343989,-0.035393392974894626,0.7225046670510824,-0.3654936563554245,-0.8469438634162264,-0.2932418293382254,0.5535633268201768,1.1898520555868823
0.6987751074243661,-0.8981860362841256,-0.5572444525311917,-1.4019447935296474,0.37479669709911345,-0.16626344427902448,4.666573948374258,-10.836636304004324
-0.3361089684471173,0.4065331826417093,-0.281120044060877,0.4298965123559804,0.7038050642373078,-0.588073007223366,2.7391754887423523,-7.2409141490487645
2.0856556894627616,-0.7953569924493873,-0.3831328645746087,-0.7232211563213524,-0.26134601850328204,-0.02877581860417654,-4.261035611609978,15.883375824120666
0.032078153980471986,0.8685440466297718,1.0671098872657976,-0.5801871731705455,0.19946200223218338,-1.06109777803203,3.216802168232768,-1.7305662999932174
-0.060544996093308615,-0.3104349075838488,-0.3233475577548177,-0.02506877292386173,0.43525813395858265,-1.398556706930215,4.570328018192018,-9.256601557522288
1.004269199896427,0.44842999591436117,-0.7363037041537375,1.4894324516819373,0.008983659770351623,5.5634338284052065,-22.920017368079705,48.36002012974894
-0.6576716082018643,0.05117564377397744,-0.384575736166659,-0.35143889203400464,0.1421658056793578,1.3111909579275487,-4.337975922209167,11.341329789806597
