0,1,2,3,4,5,6,7,8
0.8463746618099431,-0.06324071017096573,1.6551923253637328,0.11616911175196626,0.7254364996759289,1.2035188532490162,0.7050475040128262,-0.13301178749676382,0.19681254031878512
0.19011608503064933,-0.8082941853882437,0.21081138807430774,-0.16055961556220671,-1.4679820332703866,-0.11653019366369406,-0.4659837932549314,-1.451989353541935,0.1186358754428409
-2.567931041033659,0.8468183475673775,-1.9154898862690526,1.7682016132905174,-0.24144291049704933,-0.23878549757149686,-2.4195043647018335,0.3436838392037491,-0.525230330341813
-0.2578186153585115,-0.7021550885585913,-0.15556331242778856,1.383129952172178,-1.1407725722405315,1.5646663860489238,0.9497483426308098,0.10108117223172952,1.434154692830175
-0.8601561648814522,-0.06799062352380482,-0.3009185402588835,-0.5407022151525903,0.18383033789046077,-1.9203908180592029,-2.4515028036500213,-0.4478882053063593,0.18291617528604687
2.343919421329379,-0.10863102173531188,-1.4099791686514236,-0.4846603300919867,-0.5767994027374389,-0.4811601350652534,-0.9468083798443191,0.033666606157847605,0.05227816246591341
-0.03127035839050879,-2.6351659464540775,-1.0362462729834772,0.191233850272297,2.0975720031516816,2.7910440468306716,-0.14195924430437576,-1.182244623620799,0.14017076220527463
-0.003698823581967972,-0.7927639511773187,0.22985948835269876,-0.013844970588434685,2.725668181132936,-1.4393523653865403,0.5909939715066024,0.11649475426401815,0.43602905471188863
0.2312521360655048,-0.38909604463414627,-0.5148272357153069,0.2779326573730404,-0.5013526703304312,0.28499612886496495,0.024911655330943926,1.3831777579397744,-0.33359970180376775
-0.21562359833716943,-0.1164355873867251,0.08190595235517752,-0.39240635334213786,0.3768773271505358,-0.13199882664094337,-0.23121668254854946,-0.3187419266941993,-0.1609380794282118
-0.9159545743578986,0.7572690807196781,1.34115451773378,-1.6870208614217352,-0.5410581804260344,-0.25520494199959676,0.702914413786219,0.28828654423033867,-0.6139418545043809
0.7307850927916348,2.503064969006377,1.965550770852904,1.17392992664458,-0.36937217104786374,2.9249987994379705,-0.4917713489855728,-0.9428128328280878,-0.6984972588095669
-0.6847514662838685,-1.097468422762573,1.6417754772889497,-0.5386510342211367,0.3374939690139341,-1.5188934845627968,0.43756891017783167,0.4007786848661543,1.5527558890855118
0.016191428545982125,1.0193334563982843,-0.4293560064504068,-0.19581327063917384,-0.20475032068205157,0.4867100258212912,-0.5254847485356712,-0.3866298876435166,0.4611752172279903
-0.5667798418673394,-0.755167458620018,-0.07561507876136267,-0.3507537915829084,0.80212715144423,-0.5256792877352966,0.0033873034677286908,-0.7099895126342085,-0.013623685848696693
-1.1534529271382419,1.5303757324507263,0.2205950239948072,0.9379328252105478,1.5017282654070785,0.49229574394293524,0.36020737860498286,0.13433746555991294,-0.5570821925884903
0.911279045013921,1.9429857014761145,3.1763113002538432,-0.07164441530756795,-1.3815197841995828,-0.3784002043293081,-0.8403233696356205,-2.2722967782943724,-0.47791321041936563
2.0617775553663336,-0.1275310848952063,-0.9455464378950055,0.1651033638332056,-0.18885010933950552,1.106148072733606,1.9392235093988546,0.7584384180785014,-1.522869322792156
1.8008707770342471,0.06962309486474726,-0.423188397203255,0.1441831989473495,1.1155054543133496,-0.145982405434944,0.07777439628541896,-3.300780511261312,-0.09942208292462876
1.185988069656377,-0.43139413563570606,-0.06599781351577674,-0.15476365677977916,-0.4946307694856815,0.00834537302884267,-0.337154229516264,0.3107642051532705,-0.3339377882193916
0.561642582801743,-0.20713718358461483,0.03622583664412351,0.49181405673226375,-0.2863378332030967,1.3335793319158118,0.9119311440920842,-0.43568851686342713,0.35264188275335395
-0.2871064330311073,-1.6469424501651964,-0.4799007912048816,-0.08059981571513213,-1.1060549843173137,-0.25529296157229847,0.46266112397149095,0.44944463584541444,-0.19825197245125775
-1.2861621799251899,0.3167104049482391,0.19850709578983441,0.3864698588248545,-0.6307183519196871,-0.26918173207744495,0.30731798681392486,1.8257468823519674,-0.7239751432278165
-0.14510010027947506,1.0046287672353085,0.0646362884288212,-0.4032085984831329,-1.983858340794535,0.38600204681025385,-2.9343231395193397,-0.4936645382085456,-2.1274484311378146
-0.5422533219857906,-0.20781193136677853,0.04456120973283488,1.3147443499395146,-1.2165280196189068,-0.14735894109256925,-2.1380000715957874,0.11684641428362627,-1.4185951920084758
-0.93912179551112,-0.2672951677132605,0.19821996050147786,-0.41235130232794415,-0.6142579990804375,-1.03490700257046,0.11848813004995179,0.14385642129129286,0.3142321144209872
-1.5812947345704662,0.3501465353816992,0.29801993197695104,1.612246656911977,-3.691215274168032,0.24656621827475025,0.15848004227721937,0.11036072994716342,-0.06871583562402557
0.4242645383653159,0.13815560630316576,1.8367111379865355,-2.3963650928629625,0.35296550246851566,0.6980100120216788,0.014007296319015294,-0.5706849020316781,0.053720758869635225
-2.671865896628521,-0.2853687042486386,0.6162501850392967,-1.1578137180084807,-0.08712799433189845,0.02879535374401118,0.3471049718010942,1.668160019952795,1.1148902145484916
0.5508764707746125,-1.20562064900408,-0.556010679657546,-0.13980610537846855,0.20021363829664826,1.0513781727258285,0.1918752465901793,-0.07903265605324267,2.790600794668662
-0.8658795012072386,-0.9339432915984682,2.2969030701330326,0.9623053568262429,0.0038582442189177084,1.3168948507406404,0.061085433636437855,0.8346071428721097,-0.5905653899067201
-1.300067681334036,1.3256735439705611,0.7624068656410908,1.9501034959916845,1.2939136816047936,-1.8597970616768134,-0.7432581862149276,0.35998196668497395,0.27913552958266685
-1.2156713529600405,-0.17725936715913965,1.6591443032302873,-0.3611401019955468,-0.8036380092296956,1.0472857682135506,-0.08018958421054757,-0.3672753816078193,-0.45341740942302694
0.298215394060645,1.196048634056729,-0.8046839143444023,0.2750325008197268,-0.08996810399617323,-1.327586141409883,0.3529205730669813,0.6984624179048065,-2.253439271619883
-0.5033555137600788,-0.4975250466788053,-1.7927893919938291,-1.499909480674997,-1.486654933453631,1.194954662306482,0.46208020806988676,-0.16399049253630255,0.5142337071898126
-0.12237880576612825,1.124474308286102,0.2993687929486436,0.04215945519967805,-0.3508049868459565,3.8910406736771974,-0.2280007555035164,1.0156543695938969,-0.31553473931875253
0.08617592447636271,-0.04277685822596069,-0.19732910896628503,2.259558094322584,-0.7437180237396234,-0.2981381910925924,0.3163435069876003,0.12543270883147664,-0.1876397153090568
0.9029120041825905,-1.4624264087320047,0.17071907231800365,-0.032341065358826485,-0.39996359611728305,-0.5236850189485093,0.020827871830822815,1.0194240299048718,0.13742955357012612
0.42801063924211463,-0.21688518608432178,-0.06432962343511425,-0.27797046910690115,2.0011150768254278,-0.9340600694744986,-1.1610129545065115,0.3438205949582352,0.7672081295583484
-0.4348511630799692,-0.26568564074700635,0.14209927141750586,0.2709939135417472,-0.16265245545642132,4.624711567273049,-0.24839314688534447,0.42338872878336187,0.21097032714363675
-0.9445051969295897,0.41355491612825823,0.22755528695043226,0.6956428562065142,2.1538482425470917,1.0693248032549276,0.5325648122687785,0.0018754437843128235,0.9670915908442679
-1.5559829158639416,0.3570918900658499,-0.28212966425473435,-0.862332669246223,-1.4688501879465914,-0.5134137128105083,-0.10290605989474337,1.7199107172885344,-0.42649343226589703
-0.35745024890969,0.03181243017670803,0.5586329033006014,1.764045423626947,-1.0250918236384694,-1.0901752128029696,0.13979970425191002,0.24016870346324562,0.6410434060847471
-0.4566585713751019,0.4772312084042136,0.8426714630627811,1.4517642590125979,2.4089625525115177,-0.15813696717200348,-0.19343271755650823,-0.11682575577253884,-0.7006159873878179
-0.06491740591774367,-0.8617435289768398,0.3265612509857281,0.2660021818882792,0.9106178469489258,-1.1577041503844478,-0.0031509371298451103,0.1691793228616643,1.6687984935044302
0.3228608638682683,0.12511033590501483,-0.514421924617896,-0.7668990678131531,0.898008728806113,-1.5167331286258756,-0.042818994960301796,-2.3052049730050848,0.3323162264133697
0.35097179231173176,-1.0341082806628557,-0.06349545612423674,2.2747582115471014,-0.11707386361766295,0.8857483991382205,-1.0251214548872238,-0.35750609265543204,-0.5951092446347337
-0.401162536065624,-0.4324378959466902,-0.15111322358656562,-0.1581184890037015,0.29678446545399,-0.2629596033651687,0.39442520498629713,0.2730655579733545,1.5919328442641902
-0.19419208866395063,0.2306921735318149,-0.15927077510843413,-0.10375938143688289,0.18394588283116392,-1.3898256768823014,0.7319348628215008,-0.38499107536418353,0.43795424156761503
-0.717909514548676,0.2591530629960306,0.4261949255386404,0.05424552263278861,-1.067589633869455,-0.1489400941408269,-0.14835031658951991,0.1903728601137632,-0.47906739787381636
0.6085349017997982,-0.31327168023171614,-1.9905536197496876,0.45496751891568077,-1.07203690263152,0.16902649290153526,0.3688329352128194,-0.10867558310580465,-0.602350553340774
-1.537409746641504,0.22212027084653013,1.7709571536259407,-1.1150993203500716,0.9372817736478243,-2.0087304659243306,0.05118880495597441,-0.9233597521045211,0.0262198659579387
0.3541658792296713,-0.15032410461647663,0.03505593600525863,-0.22234063854023436,-0.6820785287803829,-2.3077997191597603,0.02614516694161611,-0.36526849383022847,-2.099802249187685
0.5763401431462364,0.8180815656848401,-0.2067939979311292,-0.5713756511394524,-1.2911440555574378,-1.2503808787102522,-0.5760467520767873,0.10659018839464807,-0.6219859625847415
0.5722372152683981,-1.137945043040491,-0.448820811364273,-1.4302587621653926,-1.4361043225630028,0.8815603156523328,-0.7963929342120558,0.1418328171247167,-0.11544174186767811
-0.46396800391290266,0.08988163479763438,0.559793034144879,-0.06450052866448526,-0.8356320033886806,-0.6493446868422051,-0.10175750679738466,0.11379648943936264,-0.20498877899285828
-0.20566346187008486,0.0411007142466077,-0.25333895747913354,0.5852925947656699,0.49302465164147924,1.3626331954638893,-2.0145117574803564,0.2587036550320709,-0.05348484896752838
0.136198284910895,1.1082153955347778,-0.1710465277402393,0.9995979410533087,0.3398146924010842,2.5999274302554576,0.5168836380390651,0.25646933759944707,-0.41600751254707846
-0.4283574308108749,-0.22341683898088968,0.0015051542488765887,-0.2008073678537932,-0.22270492063109662,-0.4599401944083493,-0.005721951808328926,-0.10431920279722959,0.13480176069140612
-0.2112855442096159,0.3194278990546486,-0.41674252428140945,0.03534719681769197,-1.024731409536681,-0.8063857811126517,-1.6748454287861725,1.1140373918516948,0.9198695935129978
-0.6584075407514736,2.0068357186157932,-3.4392612146184116,-0.7280170580983699,0.1809056031339342,-1.2838275787626623,1.02038815379206,-0.2175883814542394,-1.023818980057565
-0.05918126967238442,0.4090349936043068,1.9090352961581272,0.01088159449472755,-0.3602574118333934,0.0737167961148044,1.3985707719072094,-0.09706858367186673,0.025015071872506425
-1.708793161690452,0.02998810277715215,-0.4430620359803084,0.9939596367463893,-0.20925600903331432,-4.164929655721327,-0.49670732113273913,1.0831231491286115,-0.9413644354405354
0.6471941010282654,-0.31948688058544455,0.8939747477344177,-0.06126436742184123,-0.08305795732929427,-0.280857595380799,1.0131308641120402,0.6701607228133906,0.40210722949885724
-1.323257328266505,1.561123400272244,2.91437653197861,-0.20014617922366945,1.9039512220923713,0.6197728670076215,0.3061105007382494,0.3704336614366522,-0.16478638026609232
0.027151600107077952,-0.5047335940306245,-0.5920003893161475,-0.779466610533011,1.3206256857217649,-0.37530937532417735,-0.06965563748673796,-1.1364419434786197,0.09915834029863368
-0.3453361808130615,-0.008596962652579324,0.5746684868066058,0.8246699235594821,-0.9048218078396671,-0.11175687693598099,0.8184325687796312,1.2912724128640705,-0.7096480903711664
0.11916185455615434,0.714732522472786,-1.1211793445784253,-0.8218686144311985,-0.35138046540299206,-1.3380891482776076,-0.11547914888844146,0.3955982061859632,-0.8760521579598126
1.7760129295926905,-1.0861322215390077,0.103722895908625,-0.4999351988105364,0.15150875726224408,-1.0238563606622726,2.1437548064049508,4.293726715002193,-0.017095982292587786
0.24331397465863713,1.4166089825338002,-0.17243817567673464,-0.512604794268042,-0.48900365177343413,-0.023883948464084957,-1.7860871088982961,-0.8539428455235195,-0.24095779008565285
-1.8730961497019414,0.23170846413814655,-0.14325896913045363,-0.19889856643895518,0.6818258355866752,0.3828323453971474,1.692283316351665,0.9424047736790274,1.5043616599545526
-0.10598641221992194,-0.24830625552563765,1.1208792258606168,0.5489878981888003,-0.2373640956383495,0.1971620220122926,-0.3886757763936873,-0.7947693378263097,0.5348609445208623
0.014309790920984392,0.9768716839611935,-1.0552162661275457,-0.605265759412703,-0.7105999156920871,-0.15245718341165188,0.4767727856067586,0.18584126335764004,0.4863592846550647
0.05310806872923095,0.03911506902261819,-0.017646686987698938,-4.822332974589133,-0.114250169932937,-1.4585645039508839,-0.6193217377987602,-0.9869650355360576,1.164848666598026
0.3186563939178283,1.4148573541376703,-0.5954685293103219,0.8917759258869726,0.6582197199701338,-0.8094849463727545,0.16795651634908623,0.8420098286437315,-1.2662096183925977
-0.4160905698451573,-1.0351598232567494,0.4302001835936299,0.22732038192352555,0.6914368632011088,-0.02977273526458757,1.2518246561188935,0.6742771656829355,0.07795468917579604
-0.9587499388874906,-1.6374412861361534,-0.37817193959668766,0.397608609233846,-0.1264769569869682,-0.7506629556487752,-1.0888112365564253,0.10517065588944753,0.13086276000662106
-0.17085402389328158,0.7120400762117003,-0.0390397016563811,1.0227100107071527,0.44437625516046675,-0.14079836188677214,-0.20623519177451682,-0.14520059635320354,1.8210468054126157
1.725115837084805,0.022469204027194697,1.0646328121238517,0.4550330185004181,-3.235038953690699,0.34757054860299014,1.291490180887935,-1.3987168179488376,-0.3799632596477754
-0.694944382294309,0.38629243185698814,-0.7342778557548089,-0.023701718771093682,-0.8985283287819834,-0.2342636721159475,1.466067759241333,0.3551736465784003,-0.5165569710575352
1.1667917976878563,1.3256665338702736,-0.4028655050775817,-0.27347229904729703,0.15816271972388413,1.8448675836561017,-0.8617786565070825,-0.06895614462092108,-1.1359690248897152
0.06483450151461685,-0.47083158264445824,0.9721410933689603,-0.011560097853035335,1.1307361722673182,-0.701065782992796,0.047778801901221496,0.41520391152471975,-2.4151385633307814
-0.0637234392546927,-0.3018525463554825,-0.32325414464051877,-0.07942562080259714,-0.10160524828270279,-0.2375179715204653,1.2527195817808308,0.9331161786495493,1.3855130287577282
1.0212562714194278,0.4402920872683514,0.429314186058152,-0.3853913469440809,0.11944055541888697,0.5778884206907101,0.6324943731070872,2.1332090158163357,0.2936349911094409
-0.06110893821310968,-0.2633446613718567,0.5517770595425305,0.4513159730388534,-0.89255440704968,0.9308080938271048,-0.0882713435451849,0.8792378222001987,0.59728004632158
0.420597575986769,-0.01948452952505186,-0.07706837794371076,0.10311462110097683,0.19623525288979593,-0.0025791808709319996,0.9352691613470682,-2.654348893233324,-0.4056378561393578
-0.15951142503006085,0.20859754502162736,-0.1552665317076852,-0.1288782308947409,0.687313136694871,-0.25586956645867154,-0.6085338715468257,-0.23233054014958557,0.1341617421387586
1.1672370311510336,-1.5065595458896317,0.9860908626900955,1.2830984245911115,-1.0084158268166312,-0.28429208529127753,-0.7408345513258452,0.435684681891893,-1.4541115154225135
0.33807942959636017,-1.0337148491748906,1.1371028197603845,-1.5370468495970064,2.2934716386288403,-1.163596842178032,0.9178730265537526,-0.7560873480192303,-0.020623498838255178
0.3603179965635925,0.10092562660402873,-0.21690458318425937,-0.2678497583126459,0.5112709495110306,-0.32766691628862693,0.2671505067433104,0.03039422560587337,2.19265101373913
-0.2987153419282355,0.02493738913000664,-0.021588001650898928,1.146310374838051,0.0818380732499257,0.7498986500898036,0.4242108639852946,-1.5693418406153896,0.9888247805435201
0.5095666974675065,-1.8119357069113662,0.5587154813971875,-0.5906525519078915,1.1606741060220913,-1.7360691575006917,-0.28726164343318245,-0.6479276764999459,-0.2765438348076282
0.22459265562862415,-1.139935335934399,-0.035393392974894626,0.7225046670510824,-0.3654936563554239,-0.8469438634162264,-0.2932418293382254,-2.330383520892041,1.8142759930293453
-0.5189348523859832,0.6987751074243671,-0.8981860362841256,-0.5572444525311917,-1.401944793529648,0.37479669709911345,-0.16626344427902448,0.6259772706347808,-0.5438765881928392
-0.8033244275721606,-0.3361089684471171,0.4065331826417093,-0.281120044060877,0.4298965123559802,0.7038050642373078,-0.588073007223366,-0.5680176873484059,1.618605257693177
0.6352710544141352,2.085655689462762,-0.7953569924493873,-0.3831328645746087,-0.7232211563213525,-0.26134601850328204,-0.02877581860417654,-0.2616612130561518,1.515678441692859
1.7713787121246387,0.032078153980472694,0.8685440466297718,1.0671098872657976,-0.580187173170546,0.19946200223218338,-1.06109777803203,1.37113074347109,0.6451017160221681
-0.06182647817593005,-0.06054499609330773,-0.3104349075838488,-0.3233475577548177,-0.02506877292386227,0.43525813395858265,-1.398556706930215,0.37169041897691524,0.21377002344254176
0.142025386322676,1.0042691998964237,0.44842999591436117,-0.7363037041537375,1.489432451681939,0.008983659770351623,5.5634338284052065,-1.9473143459590994,0.9762417029743681
0.888712829087591,-0.6576716082018649,0.05117564377397744,-0.384575736166659,-0.3514388920340044,0.1421658056793578,1.3111909579275487,-0.7852547670927382,-0.3778540070728201
