0,1,2,3,4
-0.7337839585929544,-0.3832206607867307,-0.0958208754593766,1.102138362021706,5.994560652809808
-0.18917540708489514,-0.22519436893524353,0.16972732630873452,-1.7432910309658374,-4.2017940266206235
-0.4476631514687709,-0.28441522479725,0.020089346862029525,-0.6605269351418794,1.1563712265093513
-0.9509134751941025,0.5723481905429209,0.21508077372277445,0.18055295659441667,5.1410857139302975
-0.7233402710158825,0.8710140032886168,0.5538396627449357,1.2047321889505085,4.0880408238237145
-0.8418045544427983,-1.4010958168353873,-0.44302896542839515,-5.756770567402342,-7.064663981318522
-0.6124071207664973,0.7111409347721386,0.48645040061272043,-0.2624770917156771,-5.407673591104332
-0.04849003306675452,0.4910150494833244,0.4751557077103765,-1.9968956226618202,-7.758500835491679
0.06768700910501745,0.3096360654842681,-0.17992182347164776,2.21661278879329,3.5404940900875843
-0.6821504996118953,-1.0136554262690436,-0.13152472259001596,-1.909104359939756,0.22483410878027882
0.897047379614903,-1.3918762438348573,0.2522638630854384,0.9559474289286998,5.6965425388852
1.0828554341386862,0.6473509990931962,0.2846513359710751,1.1523233199711562,-2.6447610742030543
1.3064657035269596,-0.39708842628370494,-0.6117677656562435,2.576760504479288,2.4202193430410857
1.0909534148440998,1.2337316782906125,2.3084952513909593,-3.5143466049899126,-13.30178031210417
-0.7499016083440913,-1.1055245967298,0.6663141631878108,-4.496228013428928,-5.094771443636958
-0.29082247640246095,-0.12519175461988005,-2.9888679554868585,5.072762044328184,10.1240515806482
0.12795631357034012,-0.010844270315192838,0.44654397138926494,0.9627158865256936,5.762494145966741
-0.6170846657165794,0.0426672893507642,-1.4236250967949622,1.2801307393112953,3.666885811506969
0.540111288282648,-0.2190576153606367,0.008090735149403514,2.9452826981898896,5.404654261060494
-0.5089589082292894,0.23007452812668178,0.2789333420929344,-0.7751710532861373,-0.9713870922591269
-0.04605291839194096,-1.7844920742173875,-0.46101692384998205,-1.5861543442405175,0.23402738177030757
-0.08066855792142255,-0.513299951618258,1.314594479493055,-5.261499821148769,-8.819225043341117
0.021755550160890903,-0.36401165801542235,-0.23584714805967427,-1.3800582725771928,-2.523574955538128
-0.2215341431869131,0.7431047452720638,-0.034166257047491475,2.037586180699156,3.8585002862565503
-1.4826676066813445,0.3132408560925034,0.5976244843482107,-3.385840466338615,-3.824871545545271
-0.1594953505495439,1.2519343370966376,0.8289628913075968,0.6064083720780635,-0.8566176344912293
-0.14928680721109133,-0.16798963254474625,-0.04575315821303641,0.6177355162103538,4.43142921142544
-0.28930606844630213,-0.12640211329035378,0.04617224890288397,-0.8388938785774362,-1.3847897536099496
-0.17065435463933182,-0.1590393061864651,-0.12507819360008854,-1.284945143264534,-2.7064888412932038
-1.0827261922596232,-0.0806815340799901,2.7169335256127214,-5.748111431139311,-6.860368409487572
0.10378719212121658,-0.8167601916140088,-0.294625505374046,-0.2011316224228058,1.9938565326887878
0.5407651706191355,0.857230173168641,0.48333090340771684,0.9565623412234756,-1.9290690843896767
0.8751725807758933,0.44242807050354027,-0.9330981496055465,5.050108767482182,5.930667538679193
0.27931021821527924,-0.1882623742685849,1.8584458847345735,-6.550295940838799,-13.515075866819839
0.2020431232355432,0.6966522376682033,0.007151719785120846,3.1091210920279035,3.2783679238716497
0.3018647593944661,-0.3209385585497199,0.888768742230863,-1.293624543365026,-2.9283844205191154
1.2754792157634238,0.6719333880449088,-1.4430221526467022,5.298019618956056,8.092311437845874
0.014255044155076047,0.25152791732457225,0.9971625114646462,-1.1973950264255424,-2.747121795429382
-0.022047192698291897,0.26146865437426897,-2.1795530907706646,5.274880639156297,7.254520328461161
-0.6321042522167531,-0.0009211668252811734,0.2382186236720729,-1.3988102427234106,-2.541029275163041
-1.3480687256869737,-0.7964170775086495,-0.2646953808943087,-2.3938091583807957,2.8269369612166986
-1.5969506215243008,0.21825748786452984,-0.8761214529457152,2.4535952173537123,10.906668111557813
-0.6024405627041005,-1.4208330584373656,0.2650598268921008,-1.3142962306900685,3.761693636465638
-0.23607299019682954,-0.15932556088014185,0.6635348430776243,-1.0338632446342575,1.0967278747080702
-0.008772432182557703,0.6791312840015609,0.3379256367993594,1.2502468653073224,1.4943489340058642
-0.12546140469099315,-0.0006426322496420715,0.13212001367504794,-0.7523993496061782,-1.5602296768299624
0.5071664216996418,-0.16384001958113237,1.9258255117506713,-4.222478583817912,-9.672379377505234
0.7392532224145331,0.48587964498723824,0.2873044091690792,4.574189904381598,9.198004133829148
1.0586518085050853,0.7225096268586276,0.6369019619243557,-0.9729534081781004,-7.1379918645538005
-0.2875378652483139,0.8374000081059522,0.4138411377574667,-0.24758633430750232,-1.5634641616089897
-1.115965347284125,0.8386027137035174,-0.27209731591363445,0.4775463751544262,3.1846853669691644
-0.8327250488075865,0.27527488058544586,0.34886359026259844,0.25492442923630554,2.712340579285917
0.6050991541819785,0.37411979887300956,0.2571128676307571,-0.31608672558972384,-1.9605286011747347
-0.9494243418569849,-0.14260822507559048,-0.05819888110821272,0.08039841236476092,3.875732839440551
0.1489447639167576,1.0330319995798796,-0.39166282992471013,3.475849954382606,4.484919124149307
-1.6977036711072753,0.6710370125240924,-0.550727059622671,-0.8049712907479412,-0.5810938452392516
0.17713542494499102,1.0952530492225163,0.1368880745827233,1.978601563127842,1.10118040571695
0.06738368830678695,-0.42742718408446695,0.0683842180045576,0.7900232874143686,2.4494692965133504
-0.31909280516265875,-0.19207329676882454,-1.0045770136194516,5.5750120018375,17.223804358545358
-1.0602325158445542,0.03023187418808443,-0.08043764375544427,-0.6363446467901218,0.19252247627215135
0.2908058745297248,0.40657687407471477,-0.42790356069246344,1.3754652299705157,2.1403469905734624
0.6445154293216818,-0.0955719899982175,-0.26566702457153807,0.44886341976865174,-1.0183164692047804
-0.03510989281221236,-0.7674884297006701,1.1181498875608955,-3.0014835946518374,-1.7315555122406612
-0.6367043443500301,-0.20574459234850867,0.4986300631653587,-1.2905709007038602,3.5984548180954095
1.0238790733233032,0.8094548725070242,-1.2670496921632428,3.588170323832571,3.1627740928203343
-0.5643134547079393,2.5945254842933365,0.1807090565299057,8.910566540243977,17.796164301179687
0.5804914616110318,-0.06563551374198835,-2.3050574982474594,3.6435030512576634,3.8531244343168325
0.1228994305650077,-0.29719179582170385,-0.5707378953541571,2.9032678595855046,9.376804164504078
0.1264252506897543,-0.7318722262817016,-0.06878152087272704,-4.692134759715278,-8.14665930988932
-0.08964197031576303,0.5920645140525829,-0.5723755951581578,0.9778835123446549,-2.373120255052353
0.27440131033049575,0.5508553564223949,1.0833978383788117,5.098167455405356,16.56931299706529
0.48475692164808926,-0.42380266012192286,1.8233598217297218,-4.318156030870279,-8.803909226973413
0.8724282343370644,0.4344244051078383,0.42325211226939,0.5475306298381046,-1.21912023361813
1.7261683247568156,0.09511712559807761,0.06161878183227504,0.5830956974236703,-2.814388509978505
0.03218586505257646,0.9198937888821108,2.5646831082151134,-7.112897953007991,-21.501939766728228
-0.7145516080088218,-0.8656819463002626,-0.671936343878995,-0.41556345408564765,4.550846733174011
-0.8686306048502174,0.908386456208192,-0.20079271182958194,0.4587692654074186,2.1719744188167245
-0.1834716663611285,-0.18592788525341788,-0.0895200914480868,-3.298584501150333,-8.899563907580424
0.38170475323907116,0.07634730949804125,0.0829193092238499,-1.114680591344946,-5.683797831386662
0.09893509790167623,-0.9950664861136743,2.5959666740769096,-7.522874499791782,-14.754931704814343
1.0053822952211762,-0.4179102935842614,-0.10261903842602106,-5.39185279510076,-12.364265770223351
-0.005661952190323501,-0.43134341107266394,-0.47413218351533043,0.4408131345099674,1.5321036101460783
0.9238604295920779,1.1335750681139358,-0.22361974568223353,5.624326228388258,7.13433315246276
-0.4479055532202269,0.8881857701498189,2.2447925998661997,-4.3925314818483105,-9.021301674070157
-2.6904987939111504,-0.7082245201469782,2.0027703677517255,-9.868624933692043,-11.743522005008218
0.4484052289717037,-2.846407178509387,-0.9594169715825607,-6.913938300121983,-12.253501996701925
0.7365449193916375,0.0014045145999794476,-0.6491356563734748,1.993715526880579,0.2621552414520074
0.5041586381221953,-1.209136988530218,0.528478641821917,-3.504158341306077,-6.979603029337012
-1.0246029101734588,-0.08069118220245525,-1.07870088234195,0.6939819826067133,4.410122650294706
0.24216541058954116,-0.094825487338188,0.12332998769986352,-1.3562813876549145,-3.5714775184642935
0.37033291730091306,-0.05570139799743114,-0.7667945128958017,2.3112962071727807,2.9295678515049812
-0.25133686464300714,-0.15302632376701542,0.2792995967897973,-0.39181748643149594,1.078077511979214
-0.2931578790147295,1.0924912650234715,0.7565920712950467,-1.7738867677620058,-8.38636707581292
-0.3602018209512325,-0.03994364581087084,-0.7390809574697831,-2.3757134130354616,-7.937720983613078
1.54038845045996,-1.159598146819909,0.3271417006111389,-0.10098749306906096,-4.300690259874823
0.5351469918807716,-1.1054618752137317,2.3349115537592278,-5.726176138659567,-9.594059510249966
-0.5807889185572356,-0.4811026334593537,-0.4024796974301604,-0.30715696806890225,1.4614184714988525
0.8455525527228775,0.8324501510924601,0.39484471432447554,-0.11850696654679038,-7.711875035002161
0.15399498606852358,-0.2832209461232505,1.5174690983179961,-2.6601682980340056,-4.745548285055454
-0.22383395840810913,0.12599649990872963,-2.8238195721810015,5.62904803245151,11.297196799878849
0.24092576302439409,0.3061735747356154,-0.5850352560004742,1.9349494852620288,2.9701214950981383
0.3948535705463545,0.027810541321709414,-0.2723022957230799,2.1077710351862184,3.9147359146516614
-0.3721649936203643,0.13393419925230304,-0.14974730504754064,-0.5401236259946898,-1.0779333960955495
-0.18506108809988328,-0.5017857852865282,-0.5216156783334205,1.0589096935985234,3.3421110273986985
1.0298724095727194,-0.04249310766758412,-0.15663951340925567,0.6674535674319618,-1.2169924435833672
0.9006099296798435,-0.4400290326566732,-0.4887310419048273,0.7246388682531959,-0.3129181542438735
-0.7408941355331693,-0.3076882622649663,1.0664710385448295,-3.627216602122198,-5.499123957107027
-0.5319483582687605,1.3800679574821844,-0.4241738614270781,3.888797963012587,7.17677033849954
-0.9126703291057053,-0.2743761473385867,-0.05791326530899525,-1.982627885711434,-1.61916136478517
0.005402545911776866,-0.17470591347069772,-1.099973380887121,3.9031029903634984,9.380411996014127
-0.09883605281784748,0.25432031285623835,0.8686179569838918,2.0794247322695427,4.9986386197906745
-1.3463091054363008,-0.48480860979663487,-0.34650003627057835,-3.4475480063619512,-4.859082382977874
0.33089948768754374,-1.6074572952420114,-0.6833417397418782,-2.029679403780624,-2.677355642080318
0.7523943317668819,1.3353960468438972,1.2291026387974324,1.269505885329016,-1.1761953347532366
0.894533608142192,0.13889794446517725,-1.8909593008797934,4.409585535590967,7.452613734784943
-1.0136429912144667,0.0739024516680831,-0.3770934198847129,-0.8574266176889979,-1.2482604898833698
-1.60215174278155,-0.08131220392541341,0.44421064041140623,-4.292290087578862,-6.790606123841301
-0.08942735507184925,0.09424483423287978,-1.060622590925631,4.293269924397555,10.30899165575142
-1.2256031743390954,0.5264739204421854,0.27843536623888687,1.1068454852921925,5.8734171480424155
0.21376937698856924,1.7330617239814405,1.406398714546567,-2.359748964736251,-11.955326807475185
-0.4403730313632468,-0.6414672989270525,-0.15517378023652492,0.4696362575468089,6.523748906976788
-0.4568248902250832,-0.41276773950267004,-0.2947107919046156,-1.7700416400188843,-2.3136648412419776
1.2378275279859094,1.7695210899232412,-0.22724328809490812,4.116218245751138,-2.4077609625804737
0.5240110719350947,0.8591951367373243,-0.1554204756400431,2.5644659505606224,1.8467467451980761
1.5171249330114356,-1.1272881376210704,-0.9943866831932167,1.4019474789125574,1.6016751016632353
1.7067003734747779,-0.8043186120679086,0.14993450030892913,-2.3249984093151355,-9.346937838730408
-0.6768042896685773,1.5033391316661286,0.8959062982143966,0.401489320995402,-0.4185578279469424
-0.6084486035726243,-0.2354262006452255,-0.06585807113768145,-2.0479612439259656,-4.036053343207599
-0.9813064311493708,-1.000856477083788,-0.0004211604173918683,-3.938581674627539,-3.9524577490257915
-0.5118439424209023,-0.4034058023098036,0.32581932367947103,-2.64761164673609,-3.40669700041307
0.03403147835340638,0.2198525181469568,0.3730341205804343,0.5995373431197131,0.9993786092331352
-0.15204338705072964,-0.10728634352249723,0.6872976685467516,1.3822793971450231,5.563146036427338
0.11497572422912652,0.4440279532337938,-1.1731907593333157,2.0346559234097317,2.0181562493783316
-0.11828579620939471,0.185173984537654,0.4160431296786785,-2.3600245280037013,-7.157581051290265
0.14940395510030513,1.160512652203533,0.4525773604869793,2.5566518393804616,2.2000533070451884
-0.46682517015941943,3.7058985741834913,0.03694670613950534,7.191050186501383,5.264256448391725
0.2683667299803047,-0.06949139551292036,0.03485321953408653,-0.15708693772578858,-0.45247012316246854
1.5574107952570113,-2.5132004989409764,-0.4465139641509783,-2.259974323758584,-3.578515999863292
0.09452426377318654,-1.3387787289045587,-1.278075821265332,1.1295306395158153,7.167933306512771
0.23369202787451732,-0.37852561761159037,-1.0164435549800759,4.772214997043491,16.748594767577508
1.5705025518908182,2.5603934079205715,-0.8926851978365231,8.65087191411023,3.42785780983963
1.6338929414417822,-0.8030905920128935,-1.509926045668786,5.383580263902324,9.936888538611965
0.3674279395767295,0.14939020659441826,-0.10459989457437345,-7.9113105668703305,-21.70125057603495
0.24701882341833872,0.28819916491476144,0.7421928117560429,-1.245117049919596,-2.7040456222886733
0.29539999791586474,-0.37872921804580684,0.0826459945943458,-0.18362797434944728,-0.8879485227248948
0.10884365544242221,0.7756381395813059,-2.8797336197835555,7.477909602383183,12.074518288907107
-1.4545156818703695,-0.079934749355472,-0.42891299274581873,0.42451049982826977,6.067165856268687
0.12637756182645468,-0.5728795804845687,0.6437768738184692,-3.9998820242463853,-7.140884083449647
-0.4688413796227714,-0.6134850701067026,0.8751789206120248,-4.430544760609192,-5.572533100716435
-1.8698064921569089,-0.12272201873337915,-0.012364088159999051,-3.1878003922863765,-3.3888031126978957
0.016508554700621302,0.8138439980979164,1.0989245723099639,2.3250933579494744,2.718989395806722
-0.18043071604303937,0.3467492957516311,0.2715199585763718,1.1358827337707385,2.4904346269754125
-0.19229722151044584,0.8517267589809818,1.3391513611452208,-0.9845503122652202,-2.546080421699762
1.0328641700762655,1.7735366337490435,1.0987456401743172,2.1604525256031697,-2.0920977039426707
-0.1950254708582749,0.4763399611265995,-0.28490041349446354,0.42393312039351805,1.045421145655388
-0.20059997267305285,-0.12591416007552844,-0.36232185052882476,-1.5695550062924237,-2.5740369935296448
-2.5299364593608864,-0.9780483512570024,-0.16175321555950395,-2.9955615157854365,2.0132628879151997
-0.8616451371705514,-0.6033685500736549,-0.7513672473943299,-3.115269942752738,-3.978525819225192
-0.36168049885620124,1.9079059174965565,0.6657008658914717,2.4745980290686678,1.905530509827842
0.5147213514102409,-0.04796327305809265,-1.7019411626579053,2.7003875730976024,3.4395321996480046
-0.28186795541229065,0.6822413837045475,0.7580409119337479,-0.7075783301063119,-2.4597075411385623
0.34404993092452707,0.020109258620147622,0.05536502596696096,0.5223617479166289,0.481578572578908
-0.5347343684342755,0.15059164068883105,0.6522082515256514,-3.717133763572311,-7.722426749785082
1.0961319888649543,-0.4716469446786741,1.116785558460303,-2.8996871818776926,-7.777237740083756
0.29910905878161165,-1.2928089228496082,1.6487455365947035,-8.229063691516293,-16.045203309116516
0.5110564265215153,1.4623599887622212,-0.23971423610910433,3.9744815732415772,3.930672331140279
-0.8594103304482833,-0.5527914191709998,1.1375143338466787,-9.715767867027612,-20.659401723846667
-0.9818903502687654,0.12536078607895854,1.6619995531207097,-2.1485057395580727,-1.0479366444755058
-0.5980326862478618,0.6161082412791852,0.5533981889268677,-2.331084657546443,-6.387156898269066
-1.8212267264781579,1.2613315984232691,-0.8598560157660804,3.0985861304472504,7.793441930204828
0.23268584814911153,1.6383937621260698,0.05360830579828628,3.9755666284426887,4.323441789243956
1.14772274145827,1.1790608976167234,-1.9535820563210713,11.764271778753905,22.233735887767985
1.1368741114794063,-0.4252448677700645,0.829607419496946,-0.6611392003944876,-3.144963270564917
1.088039001048215,-1.8789023131482332,-0.7529279371524935,-5.160032764762606,-11.142573625524689
0.1882811269898475,-0.3404915810061289,-1.021603672700747,1.608074621183081,4.090114272781237
-1.6527846668009845,1.4250003408286145,-0.2196137044293143,-2.4056401392395648,-6.918642759478784
0.02057003701296762,0.13430848556323868,-0.48250615050908274,3.3257281611407707,7.950613752027932
0.9055745105479761,0.6737645136384081,0.21973895496333978,2.0805834837602566,0.6938157213828247
-0.3945900883548388,0.5731164255549143,-0.35565453884712733,-0.683800807757173,-6.091859527839912
-0.19647209043243843,-0.03427802007500073,0.6787557340484461,4.775279803651179,15.165555311388724
-1.527466778281072,-0.11913982871239616,2.962877764604122,-7.328120264505074,-10.003694415521016
-0.39344240529670854,0.3509968896647501,0.19064584289089218,-1.0061926772534355,-1.8247565098269443
0.6911803862628892,1.0589590186926445,-1.6251174982029402,5.271610385910618,3.742350892908847
0.8281402242302293,0.6227762553296521,-1.6640551861268662,5.485325678654073,6.954111929794349
0.07648634793329834,-0.5178482928956551,1.5495559894364024,-2.76764093146563,-4.01660411404321
-0.9436823314774326,-0.06609271955463844,0.43588451218683405,-1.2895466111700369,0.5645047984989584
-0.7984922788309345,0.4106317448859601,0.22229295137052146,1.5090587893076706,2.276057423192649
-0.20950925520814093,-1.1595126654628536,1.1057273746692802,-6.766244458364122,-10.90966963452015
-0.3985083999544502,-0.23261594809400254,0.5471346312232847,-2.088964576328316,-2.567258452561696
-0.5930489046322682,-0.24901955583370938,-0.2984506363711623,0.15714929246722215,3.473973109284734
1.9059320274164613,-1.3186772695270825,-0.6003442271306612,-3.645870531121922,-12.611560301977478
-0.5557021961204994,-0.6008423848311755,0.16997328994379668,-2.4383343450998156,-3.371895692335627
-0.32916724291705024,-0.3667987895471983,0.0005874089031112598,-1.7670586290209265,-2.889489636636462
0.27649001385539124,-0.11898970667096485,-0.1660374572944122,-0.3388514834611383,-1.9222516284764088
0.06833504750320094,-0.6679810880699133,0.6338942006918028,-3.794701222617876,-7.751804296035921
-0.28975284612686114,-0.0797083334742012,-0.4249742492180841,-2.4374976520414533,-11.418439148215143
-1.5913091150642429,-2.4849841047643855,0.35644164491193087,-8.149217709694467,-5.031681980471074
0.21220254971484465,0.26636074413373745,-2.924668450784408,10.092992758280268,20.35764250424741
0.20405232809898566,0.013001126733854782,0.16216481059544857,-0.6681004119693525,-2.523786300610563
1.0080648278196773,0.047794067722315335,-0.19105786519833096,3.583012873950824,5.760438619493834
-0.7161112744853287,-0.9463619566957673,-0.2144846967616319,-3.939357212984905,-5.149326424452225
1.689031967239492,0.7386752363120682,-0.6261046865644622,4.781442187690986,4.141448327952721
1.387617589036905,-0.39301642669814213,-2.4162698196537984,5.322858936574807,7.035710449481753
-0.37109192508165356,0.13553579427770412,-0.33482011856305804,1.2169420487051603,3.7099789312485396
0.9569304567014354,-0.22895696041121436,1.5726657035257932,-1.9949531355131338,-4.0631024348964875
1.4766581167062265,-0.8680419008958119,-1.2839752246614144,1.928055817391042,1.1741460952446743
0.9110718758675559,1.2520801494697544,-0.140029106649293,3.01279009377849,2.234697808088927
1.8513949551386866,0.03186432244339762,1.8249330181566228,-6.909892413476259,-22.82578120451735
0.22783198940742783,-1.4192699281049335,1.8234329523418151,-5.382922462842541,-6.589136131061789
-0.03139919853377463,0.6288197478416708,2.214247635611573,-4.143623050599917,-10.031580665953106
0.950760968823568,1.7641958105376856,-0.19014719976258687,5.848870119960825,7.065820999426442
-0.983845951100089,-0.8518896752505835,0.19756042342217237,-4.4055917777529805,-5.725673329429618
1.6992365306990906,0.21458238680500621,0.5674204835591141,1.347584551109101,-2.606663491239722
0.5301035737941026,-1.309408399052914,0.935279053925907,-4.594880836778557,-7.717966631404799
0.05954146691137366,0.7645879217891343,-0.14066488745819616,2.2299111441197406,3.531064739401639
-0.07260743438532441,0.5675514347264725,-0.5306481425544584,1.3941395219566362,1.046652758893146
-0.5239672910502177,-0.2157257190421963,-0.964567553680035,3.3940668189473273,10.65571643190977
-0.46296808395324135,1.823824392990731,-1.0080105317201449,6.378657470895405,8.267494735676802
-0.12404863695133278,0.8190352416547608,1.163596497923998,-2.5752550636381417,-8.574521217426424
1.8491560061262176,-0.15273897463699634,0.2577065095169325,2.0958280972191328,0.5211830576151373
-0.9079852490863155,0.7733272187511362,0.030765992087526048,2.377935503361007,7.133521911790051
-1.2741240020762044,-1.1362435381251996,-0.3773313459986043,-4.535400470140715,-4.9175731505310525
1.1507940342115894,-0.03262308211743709,-0.00875770471307677,3.0358669286807056,2.5166720463126295
1.7472118622018902,0.6145791259917154,-0.7236021792732107,1.868477040323148,-7.483709241350061
0.8878136273260007,-0.3002084911862826,-0.7482202555376015,0.48604325307778184,-1.6835081821434192
-0.012026377959935167,-0.5426781816805695,0.21415563830791873,-5.041563438034373,-12.560710848946114
0.11702853219342042,0.22585476827464007,-0.5562736862742493,1.2035524296811808,0.7278263275292916
0.35077878159032794,-0.0478747899703915,0.5884931121025873,-0.45912884925769315,-2.835434368356862
-0.24159038572253333,-0.17419101755312733,0.12720071137120328,-0.9517879434309783,-1.375845697344026
0.42253255422182,0.6254196881132422,-0.5059307736862187,4.76879038489739,6.362385396355636
-0.7071909804482033,-0.09014501326159934,0.39244221200393503,-2.6131629718030736,-2.25421336235617
0.5649836744564015,-1.8713865385900332,-0.4245205925590533,-2.8393202670691844,-4.815863205199749
0.02280315207850019,-0.2765131261627718,2.359944229749204,-6.902105389739125,-13.798057018902899
-0.1449242382011188,-0.488731442539774,0.09059160070415696,-2.8931509950492558,-8.307010818331243
-1.6793894402529213,-0.05175000433644524,1.0733259654316105,-3.8134716745469515,-2.5704599364701552
-0.3473986337529629,1.916291663715737,0.27435742980593786,-0.4822126969909396,-8.834265720357326
0.27100070965652884,-0.20609084043570144,0.3861700540845077,-0.6145192338083884,-0.17519194558355788
-0.8079109581343238,0.009909678841760385,-1.4200481577773532,5.775537506564044,12.346272273246147
-0.42494594211646913,1.722809788374535,1.9618811718224904,0.4622222761826391,-1.446793151719751
-0.5283948033528499,-0.5573265370336898,-0.8230752174656899,1.590555197420433,6.125914172599838
0.5496701800655881,0.46693287861078886,0.3437125904905686,1.6823471908013805,3.910498574443189
-1.3922652963700768,-0.5515798130049893,-1.1194965673850652,-0.20141008304666874,4.587115079877378
-0.9239215987076481,1.294413907772382,-0.4314273761781963,3.963983628017996,8.686868030650082
-0.6878029935651688,-0.6574186870609452,0.9579023518531576,-3.728333692773874,-3.95020510075324
0.5126135214549951,-0.6319063935620958,0.5044937437594259,-2.1134046909421524,-3.701165155051494
-0.32628952532115835,0.420038196894507,-0.2106896618593446,1.193725611638341,3.4557558434212265
0.5562352440968653,2.324164855080794,0.05947358689597424,4.287111565645654,-1.683955737343094
0.7840989374200787,-0.5054676734219866,0.2930381777855715,-2.0515758808181817,-4.387196758481492
0.8902473469674032,0.4297613094437678,0.8654636298342856,0.3063525008634933,-2.9867022338317772
0.9172238499983129,2.1596299452828256,1.8307484976020496,-0.42918610593313167,-10.184616431648575
0.1295309894551663,-2.7411317990257618,-0.3265971793740169,-4.775702615357916,-3.347484344777668
-0.2805367708499338,-0.2998381998091784,0.1355440499000025,-1.8410039624829362,-1.368855904410218
-0.7071751095551174,-0.4431292257249934,-0.5708155847772594,0.2749649864289827,2.996769707268864
0.35746351352103106,0.2762088298129533,-0.630673916589092,0.7053481437599516,-1.6457529719537893
0.3383809137303379,-0.11949120112099282,1.0072522623849738,-4.2882553552592615,-10.497563997344312
2.084267088752618,0.5425379726349311,-0.3092546708153221,2.6253366718611124,-2.2977957880912667
-1.8465781644101082,0.5219899609537463,-0.10145152576584415,-0.3734588175199105,1.786438389635792
-0.5796746418662058,-1.9468073686824647,-0.08091643620442758,-3.6447006424807977,-1.906095071336971
-0.7227112428541141,-2.0894096810099323,0.84115289212805,-5.503936615494217,-2.9270483615099496
-1.0191010735140251,0.037725117457445445,0.6193825333477346,-2.630204854275143,-3.911831398966416
0.11058973660592512,-0.9258223464741764,0.30684456162519747,-4.065658192223041,-6.103595403016825
-0.7354131866721266,0.04779511926885522,-0.5386687824638267,0.9226226471464222,2.7066850855825546
-0.2552373647669331,-1.2353985325697197,-0.8896461847094815,-2.3270096549625126,-0.7488366581532091
0.9921351180008808,0.2788280895583235,0.0013984149619561859,0.08523245357923626,-1.4775333498940797
0.17552724531359842,-0.600693624589031,-1.2112379904484534,1.3085216067757206,3.0475624016801506
0.5469757472225901,0.19112395160965104,0.94874808425616,0.130874441270181,-1.0282932571412156
-0.9168641476394872,0.44793888061295495,0.2678490808486938,-0.6761199667137975,-1.528318536362569
1.8835099812338725,-1.455943204736743,-1.2433151871167831,1.924258593843704,-0.30248743301521497
1.1223261591491374,-0.6686420615245868,-0.06663407182782866,1.8753409833012888,1.8473824616991745
-0.10728877449953567,0.5611770681391338,0.26676240877261204,1.3122312093778772,1.1386220320862162
-0.028866441954639492,0.8533701326461269,-1.8796755904335798,5.606967730353299,6.877619602525675
0.6547690713100419,-1.2289042371408139,-1.8279022068362296,0.8261951161405539,-0.01169301076045759
-0.7219645192754512,-2.002335319886532,-0.36510723440299053,-7.022904253708852,-11.02779715806487
0.21854573142076766,2.4277753979724235,-1.6883841495077736,10.663790887289117,16.062291450688985
0.11039458702421748,-0.28521284142864667,-1.070060414487753,2.7434456905680773,4.993433278112797
-1.522371885615516,0.46399455648286575,-1.7878943785256973,5.264170493059469,14.546218600672335
-0.8969004030811173,-1.5219671785388136,0.7345494745154216,-6.277698063899999,-5.4192925626463495
-0.0458666805081335,-0.9226857032943817,0.25805395792668473,0.42252504098684507,5.682401147582669
0.6006148621549806,-0.42639205822193155,-0.4311797988453796,3.159757167127658,8.29430651548911
0.9968081019545227,-0.6965683755608737,2.047753702059173,-4.23875720041976,-5.2880147139884395
0.9099798163511087,1.8102080894591117,-0.4052420551172214,2.6269446488280503,-3.2302140842540625
0.2818640156268933,0.14863448435472293,0.555650003795592,0.020665962787854042,1.2067674632206862
-0.014097357283275819,-0.8489438900176299,-0.10146235719150483,-1.3590728531507865,-0.9967046992887891
-0.15033665879475652,0.042608248946976526,-0.17212361701460033,-0.13461134575979777,-0.36656747634516607
1.9353570834752676,-2.953842361359025,-1.29654835417306,-3.5046385841177647,-8.095022286073274
-0.42650670056056544,0.0945303264923564,0.2118492705079548,-0.37760523278084457,0.13486191493227584
0.15741234870568624,1.2453815480627146,0.23260066824996867,3.479379966606972,3.6070947914388434
-0.6358167121821501,0.3661271850037398,-0.5653156968432288,6.042937387386923,13.84611194741985
0.04157194304856904,1.0485149407268104,0.513956609510111,-0.6524550451089379,-4.6246514546442405
-0.5580957598844452,-1.070035052331604,-0.23289406617578795,-2.5585326301171394,-0.5117057459266876
0.257051523994474,0.4634688486691715,-0.3133259308411705,-0.04048021797817147,-3.6134201852974197
0.5302208780933826,-0.48411475650645214,0.15751522798922368,0.07919342907998211,-0.7074157306793741
-1.9852375002224678,1.1562888562529081,-0.03747527565920277,1.3573708708803764,4.7734682279670615
1.1636518470499329,1.0600699255976636,2.3875624372170243,-1.1592157047062401,-8.946861034761987
0.26301392444103655,-0.3055636781246645,-0.023437072557383604,-1.5405797903498253,-1.4113222793271114
1.6244112958203256,-0.28060935713047025,-0.40938989063902914,0.2662143735366731,-3.8555405722632843
-0.3246212593974281,0.4661098371014973,-0.580392129501682,-0.6287815981218101,-1.0871580754079306
-0.38089767616146375,-1.4519100689071518,-1.3706099676315646,-0.3770275321366583,2.144760553469344
0.11419018851734175,0.3298751992202737,-0.869387825757662,1.1070895964926566,-0.7631039970898876
-0.4037943390195725,0.38316245324516396,-1.562533284820288,4.017502671251222,6.92572010789355
-0.551169382847483,0.3434394009859298,-0.6231027483655174,-0.3092782520372881,-2.6524032518010787
1.840504917876987,0.149119556861922,-1.8172900120625255,7.588821556308757,11.766168749022928
1.3309680027001511,-0.6656739140945321,-1.7884153854842726,3.5067852685533247,3.243535568408367
0.2772570479662652,1.5850912930402814,-0.2959704752842905,4.339821017928163,2.9698813305801655
-0.04146565100235255,-0.9991973734731371,0.5710216149401367,-0.8911730463835269,3.5201989939545935
-0.20066598747474473,0.36262298598657405,1.269521751618776,-1.039042526421944,-0.9163477179343085
-2.561457986429432,-0.2765577655443411,-0.07923100586224502,-5.142248779693274,-3.583852664197234
-0.011168398508751136,-0.12054780698227574,1.2071569406462537,-2.705531247184095,-4.7710336888646045
-0.9186166348389471,1.5033971678150981,-0.007835056759984603,1.8069119370343605,5.482444171867417
-1.7204762094065664,-0.1952102719004664,-1.365047969516895,3.5993212769886878,11.518721548473142
0.17282416864801914,0.1653524222341923,0.9432282761206763,-2.135101792752477,-5.117280903961396
-0.7181495864836654,-1.8063338421040724,0.39484634587126566,-5.2992512203815645,-3.467427259126434
0.02924196717351283,2.026834177426035,0.7926872013833025,0.545826838520908,-5.457415158807335
2.050585359909428,0.2996552879049232,1.402662026539888,1.6849534526758854,-0.09664944813758236
-0.17720212629550547,0.07634110355676786,0.3761407225503688,1.0314251515821713,5.107361866395649
1.2352016062149795,-0.015767391422143496,-0.810810092083501,6.381455424744307,13.914600899742696
-0.6436077048082562,0.7442961529732055,1.2305577435714896,-2.4279328702348666,-4.820558906448426
-0.11694284356894567,0.03227178135991591,-0.9170840047233335,2.8703984628245904,6.686164660676058
-0.18004346620410125,0.4656848806532173,-2.325567198586039,4.948533439907034,4.917288313575354
0.8510206458267381,-2.9704945516077257,1.615203603444764,-12.74752855890275,-25.487303311700423
0.6724760436950153,0.05252933101339711,-0.08992058530211394,1.241485232409047,1.1235389749284765
-2.688480598538782,-0.3976491552793689,-1.732143699297554,0.3994974926224617,6.4970764560744385
0.8493433307112305,0.3655196732886516,-0.041447275281032904,1.601390337968567,-1.0441529080251322
-0.14084416129370644,0.26358909207093295,-1.3872624102648696,7.429945035927837,15.804811999373802
-0.1921364297114009,0.1679142054031462,-0.06566495593337905,-1.666751250096733,-5.596253075857201
-1.4009306265713721,0.3026801101656897,0.2426700091543012,0.5791220419805299,4.77724191950963
1.4105146780419588,0.47549986454039356,0.29045794445234807,2.695086634767457,2.135015273784994
-1.557148351483707,-0.39506822295595573,-1.8605193543337075,3.5842123921163007,11.794747022487622
-0.23629519023345752,0.14487515817328084,0.5408130633467918,-3.560352562406954,-13.27239541574807
0.02887000235694588,0.20776664001181927,-0.03293199411074908,1.418343729851272,4.479267281855546
-1.5251735866952283,0.4281657840528574,-0.1880219110983578,-0.4151697204441338,-0.12361086337963056
-1.9254676108525335,0.7623538662304808,-1.6620602374763311,3.8301962590394383,13.444839626770342
2.0991444266257853,0.9614446740725366,-0.20375158366214416,5.290272789725476,2.09139032792981
-0.8466664341753923,0.7378587471069268,1.5291119365853825,-5.416607603472572,-12.011865001970955
-0.38331367889113027,-0.22938320824627265,-0.6385965753359477,-0.1606857627748799,-0.4451122814702857
-0.6928153168744542,0.37895241785938705,-0.6482004823214739,-0.09488770966126503,1.0240220650274532
0.12594773722864303,-0.5152583997315846,-0.16697875255155487,0.46594088602262707,2.960741248201451
-1.3345978605898832,-1.1489720093607103,0.3875466836781606,-1.995369249723272,4.870800804916327
-1.0868235478880865,-0.26230204615563485,0.4583615394978077,-0.6669820270309404,4.409741605825021
-1.0744519328504052,1.1631300971851837,-3.2261351335042323,8.2837321691625,17.20396501905357
-0.48967655873803845,-0.3280364233899593,-1.1214255067344645,0.38898482585307015,1.8884798475349083
0.272997512932125,-0.08807160816763768,-0.4191344153707246,1.0279384722428941,1.303250777590231
0.26150893922561386,-0.5139832828889629,0.7875435965467613,-1.252490140273214,-1.8769315393006323
-0.4279344220823174,-0.1294802527513953,1.405831989805678,-2.752575801597821,-2.0359670843433104
-0.7621349903272281,-0.10211760231735129,0.23712186965675386,-1.0648950312826717,-1.7562199050496894
0.32800196870598813,-0.4616737906645983,-0.2052537556274405,1.1920708357162793,2.862536467599595
-1.0621782445879602,-0.13338410887318555,-0.15332310286260864,0.25779280798379756,4.118599016298071
0.33181573895986605,0.4295153922714618,-0.5137541257573194,3.1901445660945207,4.710746806674829
0.2026601541487633,-0.3867174772804254,-0.4171473578169621,0.42123465441338465,1.230229016086776
0.3025170183336709,-1.1641432173375807,1.0892047809580647,-2.472783699239363,-0.5054956868311069
-0.488530134587429,-0.06948499923697221,0.5322871745214904,-1.6610083685319244,0.6717133832882053
-1.0709333269671888,0.7167011819685938,-0.23716349497848033,5.042787144815492,15.754797158058327
-0.19402646053624067,-0.5037285173951707,-0.2877997778323376,-1.310681172609127,-1.2581562913915973
-0.5341647558408081,-0.1627862164193758,0.2743699373892137,2.4590595685499688,11.196311778016923
0.07136029281198147,0.4590845957800761,1.4335029777560402,-0.08978250263430976,-2.9184195334604697
0.36677515877708555,-1.3318991670686184,0.3341671290389864,-2.5354298459503477,-1.7106827501667181
-2.965675132296009,1.7999861446734624,-0.5885459282849973,2.4812075335105095,9.433414827879087
-0.19681700485617631,-0.6629707734082388,0.9915054297679936,-5.606308478114059,-8.71867040783465
-0.19691394733121176,-0.0021694070876338315,1.4016562201617573,-2.1942515717473303,-3.2025196578699187
0.07405357757456449,-0.7147860326204265,0.8403319139305678,-3.007774864715576,-4.011817451972231
-0.6758900408906491,-0.4638476280851659,0.9224913935189872,-7.028604329300361,-10.387500815960056
1.1798326672526132,0.008084497472160999,-0.18401217418854426,1.488329647141974,-0.881371651111011
0.9574066171659347,-0.5028530611014842,0.2685607777179841,-2.5074784389931186,-7.257931581058032
-0.16200405868013906,-1.3235325365625994,-0.613340166185764,0.17961966889041614,2.8201306255115965
0.4480510158880542,0.09259407387241221,1.3756249836129755,-2.0095089740261387,-5.797962998514281
-0.43677558532001676,1.1709390289645434,-0.3483591113201618,3.540042252740858,5.63356330414756
-0.16033072475866295,-2.5442151639100357,-0.3124113972985228,-9.47771923426093,-15.110483656060506
-0.003163627465844909,-0.22862039896262526,0.6560678041616637,0.4446027431344928,4.817153517117966
-0.4665923850221464,0.03677080012884914,0.10785742735964333,0.18641228030252044,1.9168921165529782
0.6216811253781265,-2.2599730446323094,-0.17471595339979717,-5.144495642545728,-10.490512299750904
0.4311671854334004,-0.20456992567223456,-0.536646002204709,0.21865226300879037,0.09025699831442102
-1.3594290116299566,0.1499274873707671,-0.4527011275008693,0.12044580555214768,3.656800022003287
-0.1045835249245866,0.11021912451926888,2.6152716217979246,-7.182755675039422,-13.352977683755434
0.8662721504102232,-0.031255143890815705,0.2373843217094015,-2.682696555911954,-5.698814688379002
0.8476600367601043,0.36464786674093397,-0.15565183990436163,2.2986471424278467,-0.4243960805912539
0.0695680548850784,-1.626830412120183,-0.4978971071728421,-1.5162632435775667,-0.4842400553005666
-1.3453693042132238,0.9066019883193417,0.01988888495196508,1.6416481712649538,6.487964614514128
0.029364242863692578,-0.5420452763947583,-0.12695535031003688,1.1284660568482112,5.8371670675923735
0.4864126087567217,-0.6818774712962857,0.06199344846195752,-1.9732031022435754,-3.3855819765658572
0.8598863576511097,-0.15728232059275965,0.7466794807177211,-0.7692527239614266,-1.4622628129537523
-2.6619079447004457,0.966550266391126,-1.2860856885415144,3.245655717766688,12.575494532969786
2.1116480614592352,0.03723789979658588,-0.02892986000789163,6.8411937757202566,12.30873357195058
0.35451042317507875,-0.12435858341844763,0.7073729560690536,-2.518704511629485,-4.646401129335408
-0.6505095116220153,0.29180336730783235,-1.1316348197670816,2.0137766446484693,3.9354210623270727
0.4413137726081131,-0.5693456323825431,-0.5160265147137052,0.0036862936375574584,-0.6088871376147589
-0.5093894723670073,-0.5226506538340099,0.7118803774884944,-2.577061215776754,-2.59976800724918
-0.0320891714075594,0.9278662006377152,0.34872256795771167,0.5342090290899044,-1.6060565454681397
-0.250710352305279,0.56649576222717,-1.9901268144599416,5.631073267979611,8.95243229206325
0.12494952506934841,0.8526468798090636,0.3144029793087984,2.236997036418871,1.4221774943134662
1.3361616214064094,-0.48661951671180603,1.1562507254237337,-1.1642282680377436,-2.7706156840504326
-0.15056671451035722,0.051439918913611764,-0.5505634552515317,3.4203360959199474,7.5258474055582845
-0.008052767357181802,-0.025097024472836273,-1.640292215154663,3.4178228348135695,6.601262304640439
-0.29541052539126755,0.9422574613268501,-0.959077979272985,4.391647339972356,7.461029120065071
0.20994011932884155,0.5804077934186186,-0.3819638507455417,3.7172278679991946,5.234094553432852
-0.6176286095027004,-1.0186636485501863,0.8695555503854664,-6.546785900467606,-11.790677882881656
0.2735767028793998,-1.4575117332244798,-0.1890071969232533,-2.3604629484785042,-2.0631598985839292
-0.16755676268367778,-0.7407619757929307,0.21925150920787606,-1.3868803524752704,0.017673873816929975
0.15191652272215256,-0.5867439227891009,-0.73286129111989,1.8086275960166251,5.376030034323052
0.07315174108909342,0.5964114016708829,-0.38802072220950473,-1.3215499949827496,-9.062189052704536
0.4393302714288883,-0.35349054975054583,-0.4178372517635821,1.0698654171776643,-0.06415914851001725
-0.713855397506545,-1.4950106041028879,1.0556141716103995,-7.267564613703809,-9.91467208494943
0.9901347489438281,-0.5082429843258957,-1.548649767434272,2.2025211790580195,1.1570318723909052
0.21486712340007535,-0.12032554118584003,0.8314469941274255,-2.3454220863644895,-7.346879620262883
-0.258916408913169,-0.5103271631956511,1.137217037465476,-2.652132888799808,-4.3109119148363755
0.022929049085151733,-0.38838934026054384,-0.13627697534570005,-0.46285102344887935,0.6484395080523564
-0.657056399282507,-0.9382365470026219,-0.2973460400696152,-1.0510888666084046,1.4408657822371487
-1.0990985015457158,-0.6043819565326374,-0.14026255561161233,-3.6115800169038494,-1.996954428442923
-0.42310954263656975,0.36461402563122236,-2.0385668261368233,2.442117871895173,0.6798974965841298
1.2369189805482332,-0.18778362331370693,0.8662307815071749,0.41309212381230487,-1.269869909812034
-0.5099079360238469,-0.3602863870791062,-1.272568555436435,3.017348199356697,10.042011107865404
-0.11279817677961564,-0.6592646105536205,-1.0979526111745361,-1.58829469678401,-2.359698734113781
-0.2479494676528029,-0.30499865015536287,0.5692932729495255,-2.8764515300334854,-5.086695868540747
0.29827895995052506,0.0975978777190684,0.285452153442505,2.8648559507361444,5.916588298992957
-2.637278481321091,1.8891982575227306,-0.01730449519022841,0.6697325376654668,3.6523728069965
-1.4787681949645521,-0.8010453238137014,0.0014410671948745196,-2.7188986126768127,0.44466885656177524
-0.16831816056588902,-1.9514260914857036,0.736673911851499,-5.96480495725554,-6.153770317662714
0.5793594027783096,-1.123444964251725,-2.0190792833926707,1.9049432043526875,5.4068203459053965
0.04776526863528798,0.09591474828123564,-0.4657890053089052,0.9883937160678256,1.5788860052642864
-0.18789408933436905,0.057310293046705776,0.6783543099218469,-1.1030322578205527,-2.7004855121526834
-0.3237662261819965,0.4906856248367719,-0.38464511016765257,0.3448120973133339,-1.2753729375283154
0.8440926954908224,-1.520800401507752,-0.5549938192145606,-1.3226966596075695,-0.24250473257124128
0.5527805449205081,1.829583980019261,2.208814338540439,-0.9370503120222167,-8.799753059767166
-0.00016078362678824924,-1.0731916871964033,1.1026942657156489,-4.059716067259885,-5.058382402653136
0.2680964719324393,-1.1598735459889846,-1.3766034320257716,11.16962153549023,32.65023681966197
-1.0295449654400646,-0.06176666608599138,0.0230261915870659,-2.2069907714034307,-2.0687625442388713
0.3083249104535684,-0.6186699892399256,0.26294128623681523,-1.8230970155668031,-4.361473867490228
0.057403962267932596,-0.4368079703039458,0.21930303542417984,-1.0941988940816918,0.6193394342491435
0.6949394943776956,0.1698874617740495,2.0223440112243005,-2.995186101923263,-7.023748195326739
0.8954377992600607,1.1254339008621799,-1.74175834103624,6.885165136046266,8.423026415120358
-0.050573556958902165,-0.4517340654554883,0.02916155882317163,-1.137922572146012,-1.2232291742722865
0.35594296803336595,1.2435772507961182,-2.1401836091939512,5.778243901003689,5.1443274690763285
0.8953649646089794,-0.40925309334132703,0.30925713527878274,-0.30984898244574877,-0.9948393948315966
-0.2575095592393114,-0.16515685690792753,0.3362575396580086,-1.8221631699536736,-2.7561137951347474
-0.4022472793522329,0.13882832490361696,-0.10914232235830704,0.018156880592190894,0.9065572756118545
-0.5535238759246948,-0.19108672492405904,-0.5947565139265519,1.8489060374761785,7.4627091138380734
-0.38713144739214334,0.730061654611453,1.21832761392783,-2.855486647839546,-6.1959414587150095
0.3668833416740714,-1.1541020975917344,1.6923477268117897,-6.1313633755216586,-8.154088442912085
0.7027211309234584,-0.7136376244193546,1.1654406551888286,-1.2630584635442146,-1.2713187698431114
0.25156458095337697,-1.296689324615618,0.572119921976331,-3.430976597437196,-2.9045072953107205
0.4630371092835199,1.362610258575459,0.31783150697898194,1.8245304816606631,-1.2257053592794622
0.4840563740084258,1.6298417339803257,-0.08920764232022049,0.7826289879360796,-7.720809692498434
0.3683798187923131,0.5725421856853393,0.4816967475875706,0.7394348524989296,-1.0233153519508909
-0.13912546658662886,-0.2710109603480086,-0.20250658799684376,-1.2591609962184735,-3.1631675225948577
1.181147909036933,-3.257649520384501,0.8858547505822885,-11.055182673928332,-20.726667635626107
0.5149416007192763,-0.5300897136252837,-0.11908852218513093,-6.732450679991915,-21.127919882608488
0.13404636635605047,-1.001691956120147,0.6460475747114536,-2.9774985450583964,-3.8049926645665813
-0.9941760755450645,2.223478910760218,0.7052358223840063,1.3752928260276813,-0.22614132069520476
-0.04876975287516059,0.8030558830948414,-0.3957648298759971,2.4583999208020866,4.132984563047882
1.558770700360553,0.29813409997285334,-0.014437857044546068,1.6039041134980578,0.6840466491026578
1.5261462697314343,0.6681778458160891,-0.6381923319129994,3.1573695356985474,0.930369489095227
0.7993376950065798,0.24466095149847542,-0.38845115679414177,2.5874625987477224,5.232689966828934
0.758285349997079,1.3874335466790535,0.18616050956022162,2.313884405881442,-2.0624872799504805
1.0219836082306148,0.48553958355125737,0.7750846352863171,0.0678466985032673,-1.5517424498860706
2.862986355481009,0.5630648432798091,-0.21266015205410266,4.127410540731283,-1.2729027933358967
-0.0783764721887618,0.20931187969465803,-0.6443916405392294,1.751133296396754,5.377613717930645
-0.8054584483351312,-0.34620775523660474,1.4439334329541729,-5.51996572027933,-3.973773498314517
0.004629049061831444,-0.9831583081418974,0.22172809674153893,-6.563357192717841,-11.788420613143872
-0.9470663761387729,-0.04586268520445706,0.3742654725685507,-1.8778508346418485,-1.3709207851661493
0.4625268543264323,-0.6299626308360993,-0.9115199452945362,3.763491606320522,7.016154824214123
-0.35339576947248985,0.2944891172696712,0.005700453129092536,-4.125926510099975,-11.465446695722264
-0.7845389314754123,0.1945125201673631,1.0726922975172137,-3.0459912529203645,-4.0252894140117865
0.077534839057962,0.45324019119810705,0.5472544160265486,1.2091033161782077,2.5387786718346224
2.6802257446350755,-0.3551226120470355,1.4629583458096143,-1.8285307128663315,-10.960422113967159
-0.7932413183398401,0.3356752015874669,0.6341351436336553,-0.3028681470418688,1.9777942530343133
1.0577331920489847,-1.2466901004752522,-0.3031178310027686,-1.5801571635764216,-3.86180650241024
-0.943709412614225,0.047377792000757826,-0.24837326548523694,2.747553867525442,10.367254824706
0.1145903280853415,-1.8550953148438918,1.4132557646961204,-7.07829975473115,-9.78843210732003
-0.44375942010679276,0.3016643040098779,0.1251974752216918,-1.336831723023815,-5.886600178941013
-0.18282938467230736,-0.04519195254227618,0.3754676126632134,-1.2718520299722473,-4.621045267661615
-0.741905342579799,1.5680126799520344,0.4499993866001874,3.4393129794787893,7.148527764694634
-0.22960847011199453,-0.6565472126412951,-0.048130227950331915,-2.4090284092176417,-2.268936757384675
-1.0643060629786019,-0.13389191241605217,0.02235526183465115,-2.4031484323024297,-3.2739195679663733
-0.03984684505131979,0.53182981016614,0.2807627445173241,1.002252523672145,0.7309834486114622
-1.9482990548997925,0.6045373512312046,0.47285779556500834,-1.6336232292455948,-0.9098199492752772
-0.2110894702662727,0.3918064448738,0.9148981796432939,-2.846958622093708,-7.424078164225186
0.5135066368230684,-1.6921942005435233,-1.2722118267298086,-0.7000782933417709,0.3288455396214083
0.003327382263267299,-0.4789895841344229,0.29025855823494295,-1.189038986664713,-1.2620600995266056
-1.0434571305238503,2.1417781373256446,-0.03172306794461646,4.512371896806845,7.052476243540149
2.0274801849758437,-0.9873271184978566,-1.0129448214421635,3.2092210045344425,2.586933959094481
1.6039969454209655,-0.6353187238667474,-0.36432205690172187,-0.8167771048161497,-4.649207319586261
-3.2838718387462285,-0.7925412708892914,-0.11838512195972355,-3.84692876862108,2.7862821788392758
-0.9660230099004412,-0.4945543445362441,-0.3558664878648407,-1.7524072643929318,-2.7308965128030036
-0.7856820741414328,0.20845158231900923,0.4888700263057315,-1.5039402318939425,0.13291585027021213
0.7861454978501401,-1.1007828400201418,-0.4755608680737252,-2.9612115868555806,-3.555506885187952
0.023164472124583103,0.6755787968182815,0.17741680852505612,-0.2112624172768,0.6142928684945725
0.2081319482837335,0.6054526851364471,0.5336059381425473,1.7635498375674086,1.4880914139953592
-0.9338241898789419,-0.002166996887624351,0.027815607900327274,-1.1992545118007578,-1.2846828302471474
-1.0620088189284418,0.13661722177507984,-0.9778644704533231,0.03042633989330934,2.1988613086416193
2.12258214070105,0.25574856152585745,-0.2912964000757706,2.770184432022474,-1.289114956065269
2.8051469384705463,0.5669818983413538,0.4813308515319571,4.170326805300793,1.3508472935991134
0.26820495341435474,1.2574354711903004,1.7160684987438182,-0.7429349465257662,-6.10579702274808
0.8245702758102043,-0.011341431740963357,0.2570230027754374,2.2705227946638584,2.0071500084698686
0.05637478805789185,0.2929899435150439,-0.4044335775702478,0.8366471240639685,-0.8450746549482859
0.9846384064576976,1.044257789971236,0.7861306096714371,0.8737336384945336,-5.909859983248168
-0.09372002172252948,0.4769119971155399,-0.02614071422964953,2.0010553891431484,6.322820455377974
0.4038652402592173,-0.8122899018017938,0.04420211416748893,0.1700145530028265,1.1570892959830668
-0.5967762257814041,1.5964296489253864,0.30659078362912423,1.8034651790985574,1.1133928866888234
-0.6883330127619535,2.6804070951871553,0.023150029415492105,5.001584558997264,5.655057916513696
0.3574490419829442,0.2577230430770443,-0.471289868496699,1.0262955844763544,0.6131887391682169
-0.5451545403239558,-1.7528641019748836,-0.36326819104448527,-3.058491585821784,1.9935511283070242
-0.33292212049261366,0.8812784310722775,-0.3682909069562234,3.0263984895101284,8.639985679329719
-0.44926896547606787,-0.0747071186325744,1.1638627796206131,-2.8044239583302946,-3.7933044070404076
0.35869662840954614,1.947826649576851,0.7693115721249733,-0.37351927732915646,-8.816574730145257
-0.9944974561913139,-3.2855094908389257,1.6029098046358,-14.101013289620713,-18.016361336903273
0.41047138013396284,0.1805855270263683,3.416272241361453,-6.184505366735325,-12.746115433217767
-0.48776189426601524,1.1492681802610167,-0.12274933976809713,2.960372670505359,5.051592513153604
0.6543618939036184,-0.5005404696537171,-0.27848661883841647,-0.7848296455647322,-4.050107896726024
3.111622722516644,-0.6763616664671064,-0.4264848489785264,-2.077623978100057,-15.93444034101306
1.0027371911707221,-0.1516163226106103,0.1897464823527328,0.049380698931367484,-1.0539790755966012
-1.0859178836414982,-0.5892255238440738,-0.4124955427235828,-7.951048147256839,-15.601984915434642
-1.1599830824725272,-4.125503594072468,-0.1849503004984545,-9.83199655809897,-6.530465383567207
0.6743409627079092,-0.149458463747183,0.5318485793908547,-3.7318715218593637,-11.409101966257236
-1.8097390569908731,-1.2811221318106056,0.24049740246765935,-4.845683256290158,-2.9870372985799025
0.6316017735885202,2.540892682474312,0.19803628635672937,6.873195750860714,6.358725245552848
0.13237721849288714,-0.5426982076397995,-1.2776266758346728,3.3470628372666695,8.343000343320439
0.17373178185154986,0.4370345209579495,0.38497014954759023,1.824296391128141,3.709487952573326
-0.05868758343219328,1.9302369685613983,0.5544929031522613,3.229219089855241,2.75668616546603
-1.4566958886698984,0.07035244434981147,0.33645786079513107,-2.5043996589960513,-1.7494075799400888
0.22001503714697668,0.6948826848094979,0.033161346676632286,6.099154329653504,12.806805982228271
0.3679254872809137,0.14825494718051846,0.030227006908173423,3.839183132363595,8.451049696309703
0.6203204770261745,0.32838125398498635,-1.0034199400964485,1.976112948904662,-1.8250687923854239
0.16109825089823296,0.09186498148999288,-0.09716219552575059,2.727726768730537,5.150677222941918
0.5693040572299577,0.08036600896389177,0.5227367780399207,0.6094844034580786,0.3374963431931124
-0.0727437522984238,-0.6980913184919263,-1.5766060019431418,1.7335350815878585,3.3878286886958273
0.4451098254151655,1.5412099337178724,-0.36879887188739546,4.844854179777979,7.24078790301333
-0.8304356395169774,0.8716515259353794,0.42100406931979134,-0.07306330350216717,-0.5424853494242612
0.3373117700733264,0.9023323937632061,1.4910048163841958,-3.7731849854656754,-9.723392080457867
-0.0726816089847452,0.1267489158104048,-1.1821742697875917,2.4068725564926354,5.094666822887878
0.458721120653952,0.026112188853582723,-1.331323375828837,1.6083776944992603,0.04721636445982469
0.12530126354918253,-0.6204950632648355,-1.6014690900141613,2.172389907313336,4.690814894788042
0.47423102813502366,0.12188984484702896,0.6492190065530893,-1.0838141380520148,-2.6821825586369563
-0.80412422002518,-0.5081882881920115,-0.35972296530276093,-0.49259704394842885,0.9569591856933009
0.422838607114314,-0.14098632901581623,-0.4456646408339944,-0.5491928448583157,-2.0405571928533064
-0.15339194201633044,1.0753009601425327,-1.0456684441142665,6.150569598377284,9.810840768410877
-0.6223580233044298,-1.7933981960765715,-0.9643224926728009,-1.0767470070072664,3.8001038774085143
1.500478350836058,-0.4575114150953983,-0.34505390998835944,1.5430841803077686,-2.83800472451586
0.3284017731215516,0.0565439237546421,-0.9404836073344683,2.3771970507524514,3.236841751977184
-0.27939105698555605,0.9061815790886669,0.6182262928154861,1.295056744130017,-1.2458729594836302
-0.02580680473576735,0.5322235849479163,-2.1871173842579843,8.025111542339673,16.616227802798
-0.28191445233144735,0.4360480566593943,3.082705603909411,-5.130195286942428,-10.009017208411134
0.01647793726266329,0.3372243733563834,-0.5394341127337013,3.3462841086150816,8.281889851215192
-0.510888589473013,0.24304335287703524,-0.8933739853868994,5.031430635395399,15.02397994515627
0.18714335483188976,-0.24138923255212866,-0.05947605524517961,-0.6745928306059601,-1.6109835868760285
0.3908821106432646,1.576118915367369,-0.9935684440446354,6.916551613953166,10.63520995849066
1.0796406157653342,-0.9680461172888088,-0.1875924516495091,-3.413871980583614,-5.328852691076058
-0.7003869919446065,-0.03211624973941387,1.05534721639158,-1.1889472932706013,2.142592964999534
0.5367094622298276,0.8992883444799984,0.14142881715677308,0.8852596180342605,-2.063298808688799
-0.45329301593701443,-0.16760174941297992,0.45375631439211733,-1.2560892348868227,-5.099361946219512
-0.6709855980727001,0.531378625473186,-1.063691001942584,1.7955981720480727,2.4222909899248197
-0.7636667687855815,0.25868207730664533,-0.44897026672495804,2.5156916915638226,6.441826201605591
1.4120024988324102,-0.8948220289703785,1.6160594015287295,-5.914257254769739,-16.572657668706178
-0.6967239828434203,-0.7002876039638639,0.33094090204291116,-4.693802727264732,-9.07532980423305
-0.1917057322514129,-0.24801999204917083,1.4765061451502557,-3.796516789844838,-6.3635577455372285
0.3569399169584691,3.288974787764879,-0.03213198749508417,9.450631713562053,12.53001132103551
0.4393584466495917,0.6766367989084408,-0.9196669247924867,1.916358731075376,0.18231651367402346
-0.7456480169437338,0.2608474508587272,-0.3045896677532201,2.0116688478716473,8.447126440437522
0.4915468715126904,-0.024585348791692614,-0.10360530482887913,-2.2397190420079167,-7.604164743041827
-2.770837388924958,0.37966343541569875,-0.7768225018712588,1.694450518738331,9.727854351013544
0.1954725062713854,0.6289109759439425,-1.149088272320706,4.763754772738336,6.855935136134675
-0.983737787199599,0.025197281505706763,0.4257163359254738,1.3934273712421583,8.505519160393856
-0.14184385157678006,-1.2826743111351622,-1.0933833971289435,1.7199225262963278,9.236855437808327
-2.803047740448417,0.04370014048842309,0.7699091689733415,-4.810413965085703,-1.5976582804384112
-0.19729513387769898,1.3410023616257203,1.5931673509046653,-0.11419363491520373,-3.1648122867686537
0.27148245813138094,-1.4677186088047731,-0.2792704757041335,-4.012238294734004,-9.238978006986654
0.6770422526164472,0.19184132247767405,-0.19065609185321902,6.82237855251367,14.354045300683353
-0.2594333861609001,0.08368392649426751,-1.285121975786591,2.9738038574226446,6.686331557664237
-0.2093272130239791,0.1454258469879212,-0.12177620972780144,0.4849551048743156,2.283529534873102
-0.4755821672627122,2.9679411324688427,-1.57883839051172,8.612215755659806,14.719082854385228
0.12664903832441052,0.18675665260581975,-0.6503491540456673,0.931354690057269,2.1128822659754514
0.04508031321165555,-0.14869346018338514,0.43826004260011664,-1.84786224883194,-4.183939119305224
-0.10178931160935327,0.28477611096345845,-0.24537122870308806,2.086316093970985,1.0982719901965945
0.889277533370914,-1.7927003239249784,0.7076385837957687,-3.946450540196987,-4.589772000488082
-0.10851441208179305,-0.6398804368905642,-0.2068096285407779,-1.7641495941606755,-4.45381792813795
0.09578174143882963,0.4928624847202748,-0.6106876235378562,2.9671575247965705,2.426200916611126
-0.2178655044897382,0.9249504430490441,0.30334498672576315,1.3519401260988433,1.4981974763206694
0.14815978884578804,0.18783373755250907,0.6685717027778971,0.24933209224117814,-1.4881134845527806
0.07381544438250287,-0.20791035388059323,0.7199488072946229,-0.0947018586712931,1.43632827926512
0.7392173454049478,-0.09104570590076987,0.9700962483691752,-0.4051703842670282,-0.24286296488376324
0.15133772545153334,0.9535408906069099,-1.1218411139547595,1.7251248307932072,-2.70698460745648
-0.012395458464786313,0.04951082851757369,-0.7309444746324096,1.8381345655420787,3.019173739098181
-0.805013754310374,-0.9048842564681973,0.8691834676630936,-5.9489491293581604,-9.706673601118023
0.1379627204629574,-0.33336002762222827,0.607448477401701,-1.5545898337461772,-1.7102548079021502
0.633566352791458,-1.0302679658854377,-0.6736018561587411,1.6335785364195432,4.423913815010383
1.009596954234814,0.9756572587215303,-0.44574413088321524,5.000706908486407,5.1823240262251336
0.15535246543627895,0.31190508513932913,0.22102257014021598,0.7327227346320653,-0.07396911835725639
-1.3457718321310153,2.4079569741846187,0.026446526179093283,3.4839328584938367,3.039961704398012
0.017717234620134147,-0.9340429065137448,0.4687553174014882,1.6940042841844414,4.540460804981116
0.1578663316315625,-0.24445214542900828,1.9034550505027104,0.6835719392281288,3.083140415853941
-0.43564262885921556,0.058698594559590034,-0.9254256391213794,2.556935490799284,6.971202968075746
0.8017552073635866,0.19487415254301152,0.9317629701187067,-1.425846230221152,-6.493227721078462
0.34848407989414004,-0.4611197319657408,0.014083788669226278,0.06530935590495986,-0.04710970623628874
-0.6332239284528757,0.9571162956758006,1.4815138719156977,-0.5271624499627352,1.1700747975727053
-0.3164339183414848,1.2887812903979525,0.8680381881279495,3.82102653960224,4.85539710243473
1.866467185178583,0.6121030894286411,-0.5834153854267308,7.479734297183978,11.09597788136358
-0.7829869306698178,-0.07927379841032156,0.9398750060342811,-4.17262861561759,-6.341206463900085
-0.20308442662909543,0.26726517708254144,-2.9173698844444873,7.052892794489968,12.16890479897197
0.5544725145484504,-1.0435671821693684,1.0191255285795668,-6.069606764266436,-11.487506680994864
0.06260302722234437,-0.195512336453288,0.3835457985460508,-0.45588681967370115,0.7864933171776691
0.12574401393972834,0.5428324907830901,-0.3028780425049792,3.959460813591589,6.440726335305269
-0.23538518361329938,2.329871142573121,0.8388983361762687,2.528707415651889,1.6458174550768143
-2.029247623435127,0.6341579045851524,0.6986950110469266,-1.1236448698848531,2.0324980515703404
-0.6869536531072652,0.6777818291103663,-1.404281140944664,4.552627330623052,6.259568652139536
-0.9703141726189622,-0.06073623153288133,0.4496129751660456,-1.8339912851652405,-1.1120765483465735
2.1578055064898685,0.3105478850625565,3.5284632363102033,-6.594087556579786,-20.543691313103608
0.11240868733957188,-0.07397264772894893,0.25938272019383096,-0.9349904658194019,1.4363880191012697
0.03403803924944733,0.4690712094874383,-0.2525390386589172,1.7794125123086926,3.0273994473964834
0.13257057139646955,0.1565630285565954,0.422983559399592,-3.4667397426614195,-6.868246909863586
-0.4567002660664915,-0.0960671226116539,-0.2648857729367689,-0.5967574334994583,0.6094749020174492
1.2162677486071678,1.7185719647607773,0.7444134950888655,2.070008886130281,-3.454532207445922
0.5091546200315913,0.8712550965142549,-0.40114478708476686,6.126482640337497,10.275832159522562
-0.23943505283503005,-0.13970896749881936,1.4937786985912909,-2.743166229001808,-4.237020853208849
-1.629835322178337,0.12235721061874628,-0.21692718330814414,-2.3218218513860687,-1.04859185327373
-1.0357532712537403,0.1386145060245947,-0.14846121713517343,-1.2045068920433342,1.8590478040945362
-3.0933334402040575,0.047041514611768254,-0.33297109716609996,-1.960485867096286,3.078401189678844
4.311843252026987,0.9354494933100159,-0.758047674720725,4.996658698896915,-5.2939168361614986
-1.2405412077639086,-1.076184131764339,2.3821976138788905,-7.680244457697446,-8.1837111083634
0.9377186844332299,-0.8674303959773503,-1.4953078769412282,-0.4935050902802498,-5.072239861814087
-0.6566063172952978,0.2870543429388746,0.4614847428235472,-0.8873300704799453,-1.4424844728681747
-1.3498794236416332,0.31256518762779734,0.35673580811966427,-0.4176618107385358,3.7505277954977774
-2.2297815506383425,0.7622613127943687,-0.1585284556498171,0.16352418782847988,4.505154719264684
-0.2281740373793431,-0.8899745851650546,0.17905096454057365,-0.6463034417108869,4.7235294152616065
0.3776836596151299,-0.34366723880139255,-1.167433427545691,3.6956676312068106,7.281152047682655
-0.7915739375358167,1.3980412774971298,-0.6618831617330656,3.372585143942787,4.564525295060288
0.3218130807266715,-0.1411492831397252,-0.4558575484832629,3.260127398328657,8.267442856922111
0.4668506773566199,1.933149924456311,0.8631139433710144,4.8946100272692,6.645017091638866
0.2680557429836803,-0.6479922883260337,0.5262690082493715,-2.327228348532322,-1.1694385981447433
-0.9488269863339789,0.2249159010512561,1.450955049522083,-3.202141741731399,-5.154441567020902
-0.6377597085805856,1.198241127304073,0.5943192708832103,2.250408895553419,4.968589149795527
-0.9020481673055973,0.5093743168416813,-0.8932918340428389,7.750977385300253,18.19825425950872
-0.7693170373367251,-0.8635466328408721,-0.8901330688954335,-3.3860325438695567,-1.7264486572220328
-0.26238215632743506,0.000940962649534329,-1.8384923178308332,5.299579384522345,12.67357330247255
-0.9272631184778475,-1.808366001938454,0.30509952014233105,-6.689707802717539,-8.073089197404045
-0.17349803953635956,-0.3906660675702717,0.5827871431522106,-0.9692924428757802,-0.7326842500613056
0.0635925190073665,-0.19603424549367263,2.57561266162067,-4.9341100352826635,-8.04888183120429
0.7682965454877586,0.5908930044058972,-0.2348299681820738,1.6251972528505205,-1.0452655608166743
0.56732849872533,1.128534227971821,-0.027461956826393383,4.5252883517309295,4.35054192765349
-1.2099088678290864,-2.9426905115990136,2.03412485947133,-10.813102319564681,-10.802262705585706
-0.7362183972315182,-0.009863146227829989,-0.02273249869225602,-0.6822208896638483,0.8198929971165845
0.05654413624579123,0.788777379337811,-0.40960737567698263,3.75696013591263,5.180467813265554
0.43015777114806963,2.427817971367571,0.47483015213429275,4.560321921608119,2.681167750751965
-0.4988701152437751,-0.5288711939215982,-0.4266859785738102,0.7451785148499305,5.881995460784026
-2.1800376519926568,-0.7504941376903602,0.2460479343767948,-7.129456123004388,-8.370471101711042
1.8174123710936478,-0.02733196708664586,1.0611936741737644,-1.6446905352058658,-10.30474499241809
-1.5922673106686347,0.5979739474841465,0.2584258940189359,-0.9786806297100425,-1.1460948025258684
0.2270944086866024,-0.5882030479329067,-0.2328136878922307,0.6655694409943594,3.6581976889165
0.5419445800623027,0.5394549602078712,0.07447799540765619,1.1113254853476973,-2.405297464643275
0.7980911245226688,0.3502950849112353,-1.341164637033967,3.642092522163627,6.815741701932052
-0.32126121600952096,-0.6995564430620831,0.03405505300913902,-3.508267010191394,-4.7505578103875585
-0.07215220491235094,-0.03716292215496979,-0.9719734097758069,1.7299234987410328,5.754611619851607
-0.5036119816926039,0.6822709537765564,-0.06330676607209128,1.291645965923999,2.031073449638602
0.22355005366051428,-0.8742164330266662,-2.4164003346960023,6.20909315136951,13.643125973948154
-1.585360263655205,-0.2732393605275222,0.37929053651665295,-1.1738002671062058,3.2615465979850855
0.7659829731777625,0.42861119620832966,-0.9397253010712565,3.8472876715985276,3.642652102356056
-0.9235613500851733,-0.34531337913206883,-0.9784244781994507,0.7621658061417633,5.344300806396043
0.012706927711473234,-0.15185293207823075,0.13171316192857802,-0.5763407722190081,0.755519201849557
-1.8948151002670963,0.15388069455645484,-0.16930778643973687,-1.7358473831697725,-1.8130259804944626
-0.16105232490391377,-0.26794039844250694,0.16920252756484042,-0.46286257904016037,-0.4523824528676268
-0.9823493108506326,-0.26672236802637567,-0.522607735096492,-2.1847877235403534,-1.4402817954380156
-0.5869116030209615,0.22966251180281277,0.010528749219206768,0.3705902732622641,2.070310588886966
-1.4528777343841197,0.4682843756704318,-0.5222663951957772,1.38766941356026,6.5400659269873245
-0.7419960708848072,0.9855634002453425,-0.26103206591871075,-0.858466725318558,-5.287004698932341
-0.6756893961649487,1.8560407001132384,0.03738283392540597,2.575780202460792,1.873715750309263
-0.2372435409398411,-2.2390633164086817,0.5958005615553386,-5.083744584822941,-3.0812248125741064
0.13431693037982853,-0.6469696398723258,-0.05887089934782781,-0.5752735095586348,-0.338038305689027
-1.7806579980860286,-0.049262745884703106,0.2296683095211303,-0.19117727913807553,6.760594210854641
0.7094583549978809,-0.049613274424402665,-1.3451495902001604,4.443711255529273,7.160334623593618
-0.4369628789191033,0.20971874634615573,0.04434477377874219,1.1083160706500907,0.9575806094052837
0.012778443317821039,-0.3228314806133115,0.32335775639684,-2.0753046795178456,-3.2485764006972295
-2.0502388446024153,-0.2875356171985,0.7405690084737366,-3.8348683447010083,-2.221600384263782
1.6529425597022507,0.18229991521560443,-1.3531063418504923,7.531871045436487,13.510147784879289
-3.8812397926403532,0.3365032627089266,-0.08437083113500475,-5.335712062177239,2.9765066674160563
0.35751473009205076,-0.14068781446590595,0.07407669228409165,-1.9774218909791363,-5.960623522836744
-1.3926211899638312,-0.7254321320990992,-1.4403067921314445,-0.9448131496708916,5.570350554834793
2.2006099879750796,-0.1692819944022108,0.5455434908621136,0.4602913793756658,-4.753559286907219
0.6833554307701605,-0.596463063015252,0.22932948034316253,-2.5898062313771097,-5.494595776138469
-0.0016893885368643449,-0.4953562808030382,0.08897123152833118,-1.246782942976116,-2.394064173672485
0.2995570793658656,1.4416951980660364,-0.13620583473259426,4.5780417205529345,5.81610966314331
0.09548747554996836,-0.057321364988607786,-0.9829206476233808,3.931453121191379,8.612556954819562
-1.3760063599228096,0.16699246438586016,-0.018323403470274936,1.7395045211945293,7.812170970553333
-1.7481806602170524,-0.4243318715227528,-0.9341557301742155,-1.7270767738545858,2.234058416222086
0.058254569584813704,0.23251030045647378,-1.0058662702925172,4.597305437022767,5.542736237634088
0.2851986217549119,-1.7274206263588843,1.0921659583508683,-6.680964570370785,-11.963481005796815
-0.2233021376602654,-0.4429829172429919,0.651289757195334,-1.9762792614119193,-1.7856658678797652
-0.5982309467387655,-0.1486952107883164,0.18520356589631023,-0.5721388751962562,1.3128488677596877
-1.576074457945964,0.39595987766174745,-0.5009503687904442,-2.231015868772624,-0.7347793436463541
-3.8421169109705975,1.0553267672002795,1.9585488680899896,-3.9957264919260336,-0.18184915267353752
-0.15732979960834206,-0.36545612331268257,-0.45058463857449327,-2.640672403330721,-3.358797870199176
0.018271192653087062,0.6170728746627807,0.10323810862433565,0.6178200002750098,0.2103783687630007
-0.8020058650190507,-0.49522799636417325,-0.5522510404357713,1.3526472103156504,8.541855280630699
-0.12801010978427407,-0.9385933817568529,0.3105901452198969,-5.056537961702202,-10.768614720030799
0.17069477900108437,-2.2988355198668495,-0.42891636396126764,-3.9630104109541255,-2.8193212589869754
-0.20478191929902848,1.1307983180822734,0.0850875338876654,3.0848208508600283,4.475691307902462
-0.21553628564263796,0.15757546608464398,0.13923463645845757,0.41642285124848344,2.5315557815112433
-0.340530386700225,1.3574251543656775,-2.158509754974999,9.151926151356637,17.699682103835364
-0.325049146904569,1.6871940604420306,0.9788049154793379,-0.8212942111805996,-4.639257980794547
-0.5929931190303707,0.6634103501052198,-0.30635188082505077,4.902303198795246,11.154946641947305
0.3016742793103966,1.8839858257979887,0.09522419983594901,4.187777088504949,2.8131033553218994
-0.36455279157455733,0.23301472735810638,-3.134236160119196,6.590519229805171,13.014265616631896
0.0470258753800475,-1.0567059549779751,0.16409410812817277,-2.666331849146415,-1.073132273437896
1.0101412910444894,0.37988692973997734,0.7805879893303338,-1.0884915177158772,-6.543030748836067
1.3266906693801908,0.5598109826381313,-0.6198809809437087,4.112827871139279,3.2596772094410618
-0.49600363742474474,-1.0709045010601317,0.2583794009418871,-1.668775704759817,-0.4448191038991087
-2.34658094543402,-0.896362966264152,-0.00644777351970099,-4.44106697901598,-0.2114611823150277
-0.1961476849301999,0.05929093190097106,0.41905054350415943,-0.7907824874255094,1.5699970745019696
0.3899504563466244,-0.3257153399008835,0.22963167048579758,1.830604110967678,7.460525022004399
-0.007286751940739669,0.6388643378788457,-0.1882310346967457,2.4946368707276134,5.163524328456413
1.7333644526339895,1.025280176161077,0.14552634163720837,3.7397366322547034,1.6447761775478333
-2.9607999954573794,0.34246870912248684,-1.1908162590275309,-1.089243674797241,3.8566071612126374
-0.5681904538063258,1.2797147591571914,0.8087065409620958,-0.0026802414244173622,-1.7101301407124767
0.5519377601938077,0.33113287896973154,-0.7162862692814865,2.47624955000879,2.572184268717975
1.9781491480790399,-0.3806520555463068,-0.7368076463538262,2.818567587741315,1.486675115295379
1.1973556385588058,0.5635999053847786,0.4793429684122326,2.1240752060546813,-3.0862362571497646
-0.9279986485680609,-0.7884707469660209,-0.15011672710474633,-3.071745140792577,-4.141134723220409
-1.3354916338330782,1.2456095170952755,0.11630199783579705,-0.11161668979569242,-1.956899854739506
1.2756451430622675,-0.2649957182423119,0.8364001600458415,0.53197315807834,-0.3738479591330215
1.7426521076766845,-0.05883566403512877,1.0639113102348983,1.0257125783450647,-3.0600412018002534
-0.6012453406946952,-0.6244651557559084,-0.5355888091644935,-1.041488711368313,2.921100502835129
-0.7952194307341532,-0.21316738004378444,-0.11648403481519137,-2.285299563519492,-4.219674799292426
-0.5292266478373269,1.980097337822414,-0.9315355238614008,5.386290642307677,9.502101104883332
-0.12287800467426677,-3.0750025513003174,0.3181153372639829,-7.6197194152080545,-8.165794368123812
-0.14167883360977324,1.392919041283533,0.24231870415651957,1.5546519637898302,1.1985432368714322
-0.7196844335391505,0.5471284434843771,0.5812948780361153,-2.036952556287586,-5.582119647935967
-0.9542605058043306,1.7753738730790598,-0.1753381562562237,3.1136416769596837,5.05521723662011
0.02362468787225499,1.3585015350829577,0.5375684639305964,0.5288576192817762,-1.4624002955426132
1.2923769511099348,-0.24547251912955717,-0.2636614982552038,2.0037679042078365,0.15017043044502376
-0.34155981880194297,-0.056352077300145596,0.05585499157338939,0.9037441279967267,2.2052320929585387
1.0178931357017595,0.7602068016223055,1.2076132788100695,1.0686394783494308,-1.8176872861442899
0.12085944081521753,0.5054995825054551,0.06104464609599655,-3.434476044128514,-13.657381931057392
-0.024886683158054146,-1.7290072339354428,-0.3687416042208772,-6.197715715786236,-11.786920901395728
0.018599788710200432,-0.0528593815305487,-1.3421758208989594,3.195009182044597,5.957053035123275
-0.1735280464520947,-0.947758946075238,-0.014982447812202452,-0.06570331587009112,4.588205582782462
0.45887914827665033,0.6023516084348691,0.7489429271467085,0.30211764120730344,-4.783313202172794
-2.0851408987679867,-0.3158961764436048,-0.57422532021485,-3.0774473545744536,-2.8756806930188388
0.8836935518537938,-0.1654267316042922,0.812468434431935,-2.5863015994178817,-8.654856239419587
-0.9281215579864398,0.3822517900821215,0.030893531223988885,-0.27763529938021464,0.6653044014615384
-0.8961437753285278,-0.08927632529319506,-0.8381905173396613,-0.7039552517395968,0.029035454604259048
-0.3387782817829116,1.8723308119197866,-0.7646789431388105,4.291666291410692,4.876026805310428
2.737740050750029,0.1924712214435087,-0.8441799882780312,2.3541651026669577,-4.76577940174179
-0.4091594475319154,0.3661361640919469,0.4806963116625314,0.16025275745520373,1.228396160442393
0.9404625405189212,-0.6645573683287946,-0.050128479423363924,2.3234457266295743,9.235181770588186
-0.0295936500208252,-0.4132002328506088,0.017680180737344554,-1.8890698364967482,-3.245392125026936
0.6978253315673346,1.496655520340384,-3.191606120743692,10.227063136242673,14.117815650859232
1.731385095696884,-0.9379715464395653,-0.1659410397745025,-0.23296994372607432,-3.374618321843869
-1.3694027254292467,0.20133946614429823,1.3591044353538333,-4.783129230920402,-5.096289962198849
-0.5762627867043832,-1.8621119262947112,-0.2288207929441493,-3.7153623503045594,0.21966783191982375
-0.3083800614583014,0.244414253711986,0.654627901185322,-2.2956528226242154,-2.6209128574407337
0.15136843380102613,0.10939453179146084,-0.6555662733896134,-5.556489473643939,-19.615302975526234
-0.6857459986642139,1.2183555101639063,0.7911951477703687,0.528684206953985,1.8884880486852755
1.09798071424123,0.2241433435574449,0.1726479793466987,2.7876812558392023,2.615583935129927
0.7764315744724807,0.6939794451483486,1.321793381374863,-0.7742914238530645,-5.796510190709087
-0.24393693663272117,-0.3960349274097537,-3.1660205739333214,5.552282777259956,12.980275078642695
-1.9328464958770728,-0.07662968600970711,1.310060072921142,-4.79830101688683,-2.6002305348138623
0.08039915711323799,-0.10450919219797107,0.6426868749221886,-3.309848443339959,-6.156961337971003
-0.5863976266051103,1.5604489209256314,4.314590316566002,-5.945046089577363,-11.516255794591629
0.07498870323321866,0.07644391226001163,0.9125839297802358,-4.415913675683262,-10.742970094409944
-1.0854015289393333,1.5193965562695437,0.4027449363429554,0.5897311634414273,-0.9103234977806953
0.36471341263051993,-0.21561403371315818,0.9275337910401532,-2.5344023455643567,-4.5233419088749365
-0.0061457063100689765,-2.322848705291821,1.732466411774971,-8.968976734519325,-11.552081057406077
-0.256471619014638,0.2786581142100141,-1.474159375018511,1.2989018781839363,3.972681130226513
0.7655866266057462,0.7525601348334319,-0.16451283237038003,3.402984680697718,2.5752369351677986
0.2811777409616752,-0.3868275375894936,-0.5161692719283867,-2.671916314163619,-9.142507666597012
1.720567103621036,0.06717341407856375,-0.5514029058889217,1.8747013154322258,-2.521860318064888
-1.6188741587555673,-0.49691781449415473,-0.34097560665463306,-1.373692596774834,2.165431484530914
0.43255181937557075,0.022575834472028426,-0.26051851201862286,-2.4063607519877195,-9.0895712406593
-1.3522834038748612,-0.07125529095828263,0.33743273440455585,-5.854064030134808,-7.103084104069808
1.1619430623707119,-0.0400365593598666,-1.1902150742665434,3.339267476876134,2.092355582600774
-1.179457772517467,-0.8312741303437363,0.16278528618351196,-3.0681540038380617,-0.6780690895691466
0.2770135795014747,-0.1682212437448752,0.2437515152005669,-0.6997021843825117,-2.4174278416079042
-1.3105093777702865,-0.39955608491709604,0.4734739995316456,-3.4641025328729618,1.2615184627710354
0.766074108230918,0.7183230884088279,-0.16740040979761914,2.694962313478612,0.014213491931994504
0.21666350616548616,-0.026036500405905452,-0.6911911820593539,2.346914969689524,3.4489952713550798
-0.8849521088393089,-1.3697687636899232,-3.0697457312650176,4.788058855385245,16.33252085295212
0.38455184599329356,0.000538922362165355,-0.2562597253594346,4.070963125410468,6.642491648307509
4.283046188577932,-1.4474054420049174,-0.043605527501349155,1.2898065808279089,-4.5307243543744145
-0.0015643309686598778,-0.926666999759497,-0.044567208745377264,-3.5846176162320966,-4.444435060691902
0.7108236594982389,1.9433766643776682,0.22284206293822734,4.119404840878127,1.3027249996412793
-0.27190828763485564,1.5507761723957432,-0.4366232930139499,4.560766382730212,6.433772676474415
1.8307083602729495,-0.7155313742654865,1.0956599491382477,-4.733866986230293,-16.595463325843617
-1.074158551534924,-0.20345493664816128,-0.33546980527553394,0.2526263682986143,5.858640622650567
-0.806984135857344,-0.7633163530759963,-0.1340593380846429,-0.7331167791597962,2.1386152632532256
-0.7899882080970122,1.6578547263846135,0.03346644463376651,4.307731032981495,10.59078189754953
0.9624377214847495,-1.8419512028962706,-0.11249733891163899,-4.261410494457984,-10.138307679607978
-2.794291790909515,0.8995727157061005,1.4403091796369862,-4.913850777101663,-4.150234823516691
0.41909924245627,1.8069281946453213,-0.5685635521221488,5.358764307593995,4.793877972177382
0.18099718188025088,-0.46065720072531047,-1.1847164386995939,1.4094841777182574,2.1207756031798164
-0.03725808117292833,0.3428245061457052,0.6661339950351363,4.75460514923361,12.071971850997242
0.25705239971168903,0.33063671851733795,-0.16007449708331914,2.117531883277021,3.1827484738606286
-0.13211328921965385,0.8288656495072808,-0.7244907510931279,4.691131015556958,8.691613921335613
-0.11100308810404282,0.13271779263718556,1.202935704053686,-2.0421182549189836,-3.4304991487625243
0.024262820713482697,0.7698762164578099,-0.010327088301938162,-1.4989181693593945,-5.948106610994294
-0.007461829216244816,-0.6789053329374218,-3.2628825322651616,6.357785124295593,14.548875157771516
0.5968310674607465,1.987992695872706,-0.15056712371451658,5.464271152753402,5.016728171345245
-0.2663107192027028,-0.674931143694985,-0.13788162818851207,0.5113807869779339,5.4102907437819345
0.015652461212748253,0.15127012309429852,1.7021953362461402,-2.4340142547970887,-2.6437219230679005
-0.774964314660139,-2.498217639975463,1.0719506388656337,-8.219303095257237,-8.91845911054035
1.7200906249647108,0.05191633926931961,-0.8135384964620707,3.099968985483932,0.9159037045824392
-2.1557117337482503,-0.6652750853656281,-0.11569218469766962,-3.3224559870497083,1.277705935291144
-1.2217852865794012,-0.018724791551566818,-1.1215169552141913,-1.4236610277439468,-2.519628925311233
0.3930085579080278,-1.763720563363183,0.3349067389550061,-5.317483599391217,-10.416582277495973
-0.17475275328446005,0.25356176501183847,-1.6095163805204034,3.8232794812055935,5.58949055184623
-0.21820807084418178,0.8520241099631317,-0.07282416824212128,3.8486919957837236,6.43508937121636
0.11908232007676312,-0.15061419833086642,0.3942050602582717,-0.4955969121740017,0.7484474884119579
-0.11873884467804366,-0.44905292265799807,-0.5574098454290616,-1.1388003466613235,-1.9170580393298082
-0.2972183278104768,1.8244480010713038,-0.7882636763871452,3.5292452607581453,1.9627444026327048
-1.0600499304405373,0.7487360068575715,0.3045552984236347,-0.178358396441594,-0.21858561741654947
0.03245479018710056,-0.28263597098140836,-0.4224423200555207,-3.4576777078545327,-10.28052639481613
0.9656148340605175,-0.8540782012998981,-0.6895103927335785,1.7351582363484725,2.053986437788965
0.21304598745296222,0.20295734332681453,-2.0112308521112685,6.767098689466819,14.248133826376886
0.1427451598423094,0.10977584362450857,-0.35922961109538154,0.9845877951915762,0.2141501298781608
0.36317949330565885,-0.2543367042737034,0.9772777095995065,-1.627020901816401,-3.1252014126620233
-0.038486116802337184,-0.14436195275108407,2.0982835670480613,-3.679853723471033,-5.404095949620276
-1.044602835726129,-1.2285134977867223,-0.012985320194550733,-3.7091361854096885,-0.7834856263141239
-0.3893170283786065,-2.1199161534800863,-0.33693661434222544,-4.62298841327161,-2.724216707673029
0.18390213413639597,0.23642316536083136,3.4048142694638774,-5.420215157191544,-8.928029112855553
-0.9457159329337952,0.6769766027175318,-0.03813705891480904,-2.3748959332364534,-9.677377087141554
0.1562811743852056,-0.07977408332119909,1.4717977962063302,-3.8196478642299447,-8.095213258803168
-1.201409795890745,-0.09418211647412578,0.5696099958497183,-2.028804388806228,0.41661458616630664
1.8466680536969042,-1.1084173450922528,1.0102129300281502,-1.6867467682401522,-4.443390255898296
0.015404181868718475,0.27470626468135917,-3.4604014824285203,7.320415115883775,12.213126625705621
0.5112193755387171,0.4336020076435009,-0.8000312043582025,0.2903488406999193,-3.345216001308996
1.380905479945103,-0.040980706010430974,1.2284806570103874,-3.347643185391707,-10.89938161781029
-0.27497404085057264,0.1643758583942539,-0.9311244214811897,0.6361581428667946,1.1142998704145848
-0.03148481132879097,1.017060769495695,-0.689196092630843,3.838348235551406,5.028765380246391
0.14471213351155635,0.16197280048128265,-0.003587479002481137,-2.544504266028655,-9.280855622812497
-1.7079142278404853,-0.4546954383891947,0.5746466813508635,-7.282795993671723,-16.00274377361565
-0.4439975679087461,0.1064537140640477,-1.0517046286676237,1.1462365732251343,1.767920204866303
-0.030317683458167315,0.6213063295103937,0.4024386619989422,-0.34862310281486575,-4.4689493171615675
-0.7121395868259046,-0.20348378326772873,-0.8293571803642104,0.940256090342806,4.262754861948394
0.608365831954547,0.08766079853502799,-0.7353820924712499,0.9901261705620997,-0.7640760761449372
0.6366030713106982,1.5233891578852834,0.010552394020941857,1.8859168467444192,-4.343984128267421
-0.5296942101351355,0.636159850704614,-0.6058244163909168,2.7092085383026134,6.915839625339576
0.10500645815270865,1.4182677701527877,-0.33953629957620296,6.793515304734765,13.819393629823384
4.5622363288968915,-0.19428609558118876,0.9742767856731175,-0.39906840962171986,-14.7529751474404
-0.6633747536158382,-2.4101232211756067,0.5004465912712971,-6.414450771824358,-5.392029723822772
0.1783280007012607,1.2013029356721896,0.357000346886721,2.0626589408418923,1.3478752513883736
-0.955522194406493,-0.8552780096312206,0.31273829022844946,-4.463191703584523,-6.879154530250785
-0.4251355451575045,-0.2523462102075495,2.3193218499938344,-4.21242717171142,-4.365326038998769
-0.594785190763063,0.927788237995968,-1.500744271293614,4.12060502925661,6.177882018471403
-0.030817178927331136,0.030247303390809107,-0.12497852439957176,0.8299964075551793,2.187648857406162
-0.2032863690065462,-0.08888345189240202,-0.7450099167277761,0.41715141376485154,-0.684705506215217
-1.5753698262670965,-0.08736579494785397,0.21288561890451072,-1.4377526189156686,-0.8468525200207359
-0.4372294525076217,-0.4951829356581097,-0.8405015253995836,-0.12707907655452888,2.223882298020075
-0.19769538452603258,0.4163867976023683,-0.49714858011964597,2.663867951506467,6.627232087883939
-0.16086883517224912,0.4279696301477152,-1.2286766196767662,3.6845623972717565,8.45193105254347
-0.38881093915884285,-1.3928448795863562,-0.059198082476373856,-3.6191789555198532,-3.4961861490331843
0.04531510830246811,0.505192868469976,0.9955172479317095,-2.758023306809985,-4.9752074429270365
-0.46154136323764217,-0.573836490433799,1.8982095080313293,-8.487793437160189,-17.547849059667378
-0.2943971732638756,-1.0929115906056697,-1.406678435436575,0.7308826543866145,6.277535115949123
0.6213348796940816,0.0030229108173020435,0.6816997072131642,-3.314014009250638,-12.683371027369786
-0.6595903727299792,-0.8278522513747226,-0.3500860722518982,-0.17216752498688714,5.272954792509445
-0.4473811973898071,-1.186071037065268,0.24938954756705756,-2.9016421550960567,-1.2488536962864125
-0.865404460697861,0.14917121326636357,0.13412744049710043,0.02390592618446824,1.9843404814283794
-1.0667765151502644,-0.5981543334425713,1.185887817710247,-4.678336983528582,-4.286552668234652
0.38383013575952457,0.8479533467594043,-0.7807283165662672,0.25860218337313245,-7.797293293889439
0.7313096470132485,2.2102212362543794,0.746757905208497,7.2090514071576495,9.945470296381854
2.694936955531957,-0.5470598041743889,-0.37580307403354546,3.171998288088049,-0.40238583475500733
0.08858077771272944,-0.05603085987299576,0.4480670630565193,0.5238703327705744,1.6345405775274326
-0.8258072142271841,0.3179411123047579,-0.5543569002433868,1.4122352824851887,4.283329048105028
-0.06339338392372934,-0.35240794454800056,0.34491702736252794,-2.27035938799999,-4.502215071661743
1.9319881156200776,-0.01624105966224629,1.4655456620925345,-1.184954200411033,-6.444867805144837
1.7300443863162107,0.5921839757252754,0.23760567057228296,2.9026244578454343,0.08188668949041766
-1.3026876154034233,0.3731664803453007,-0.5631351047429766,0.8936878111770339,2.9302749992657207
-0.6281118359822171,-0.1962066565235679,0.23734980156633598,-2.2287381461198743,-7.519861313192887
0.49477113807826556,-0.9296643349134213,0.527547425784853,-4.835869766072508,-8.931983876660716
0.5061230604734518,-0.4055434020731635,-0.15909029796651347,0.10947292058224728,0.26958217705289866
0.17855880767562862,0.4112512230404694,0.9547191511351379,-2.767763369130766,-8.673339657440664
0.7644531007921991,0.5752790901752348,0.006420828324705448,4.15614708682464,6.49526105891532
-0.004875555618364768,0.4907379606634557,1.9521170535350747,-2.6550900815881047,-4.963207370134562
-0.39698329750197797,1.1217822833873274,0.32502334403509653,0.9615874853259535,1.313828023137087
0.6569263508930409,-0.20693855066652372,1.2586007038530511,0.02369021655426895,-0.15601872167344588
0.030266421244739404,1.5998663970131906,0.09360768622814482,-1.6353471559387387,-12.124155467223586
0.37335406827041007,0.322386255986315,-0.30789722558368154,3.1829598621051005,5.061083051562733
1.054119078634234,0.13766003972295274,-1.4980004672989216,7.145805397034267,12.987900897525172
-1.3149835874175877,-1.1144258992923863,0.22368753269677719,-6.37481505139948,-9.561600134409385
-0.21342326043464352,-1.0880857871637448,1.0829352260036236,-4.578330382529962,-1.1041102523450914
0.0661522125884798,-0.7032133751720547,0.4066691205069284,-1.105552457102526,-1.0948954599055551
-0.1767144634164474,0.32141504259005327,-1.5350761350205646,2.508014156141246,5.513379285211345
0.34313270890005193,-0.12329537563161694,0.06643628288690431,1.829698157973457,4.612461696676666
2.075399331580025,-0.25577415030163847,0.38302328762623883,8.244092438303655,20.255887061927435
-0.7528973629129508,-0.3285374259157336,0.014242035689011915,-0.9507221854540528,-0.14993525366782845
0.44310987541013896,-0.13979147880290932,-0.48730128443231935,2.6338068903076066,6.981585809294023
0.33699239979998824,0.17001550918058647,1.3436877277303458,-4.121534271946894,-11.330957414167704
0.029331536205297336,-1.0639863219196195,0.48662520706411533,-3.1765263755283057,-3.342542285492581
-0.22421348186880227,0.11930392063313434,0.9642159667055258,-1.989748604592513,-1.674865284195361
-1.5250476639504267,-0.2831160502366685,-0.5032607940968412,-1.5656458603942711,1.2058721780334887
0.7891274727611718,0.41286979216958,0.5461983527009465,0.13029625436424475,-2.3871001252552215
-0.537567836961139,0.44792801268871657,-0.15869779635029405,0.7511700333071037,3.928681401191529
0.07243194977430958,1.0538016249072455,-1.8094280878048492,4.554860067432844,4.821953303879158
0.14499426935508175,1.0659267257160283,-0.42864136718695783,2.8473521852327988,2.9121338386993774
-0.08337323786393556,-5.256899993505159,-0.26350833626292597,-9.339170831830272,-6.352919103769106
0.6751760482929379,1.26566855930096,0.7280541017009703,2.460418772220841,-1.4276583269560423
-0.26581223041943886,1.0723972883561714,0.3939368757343951,0.5800512298129671,-2.1246357567939236
1.1786143262807591,-0.5640451211954515,-0.10360271571140987,-1.4001690962262285,-3.483466879645114
-0.01359971119620312,1.7553584674835943,0.3681657517517747,3.4168790360628716,2.1269873942040154
-1.7960579490760051,-0.5847052120024507,0.3550632374625354,-4.060446179325389,-0.9487316033357958
0.25192390948223264,-1.5034012939303787,-0.37635197730544745,-3.2658380280940884,-4.481362944010093
0.41912355209014995,0.7251148739772434,-0.7833047135689848,5.152724572440315,8.734719491748333
-0.2540270480364567,0.3729715751566725,-1.882222803702514,6.044791690956188,12.151034948508112
-0.6305883976083406,1.6670944753719619,-2.8328140113751954,9.833208144250609,17.55100949608833
-0.982869032311769,-1.0985141787191526,-0.3838887521223695,-3.3446030039221677,-3.6445049734178765
0.2611270016441379,-0.02506942274908535,-0.8177195182450523,1.1448146238262098,0.7904621418661297
0.39078380354224496,-0.6120264601500669,-0.9153014955114182,-0.038052313566701246,-0.3103488503316134
0.09082011839758324,0.4642096204098997,-0.06636859896024636,0.16536233851166227,-2.18415960517409
-0.8920450542453109,-0.09660790006291325,-0.47418233507106633,0.6056230872557878,3.266393852622353
-0.21660308836350733,0.3940188339503103,1.7775413701860208,-4.040506619240393,-8.931450001230148
0.22193355800891185,0.37328605400652115,-0.7606249022022228,1.000901175289044,1.4521346457734423
-0.8485098396594779,-0.07512154248136402,1.1359983051629388,-0.9140394724446883,3.647541885159347
0.645267095227347,-0.19309778254762966,1.6774460291159832,-2.2339738967077656,-4.729550701116185
0.3965141794961295,-0.7326619056207733,1.0415653036467638,-3.768062690717005,-6.7570497492838735
1.6864898784613644,-1.8100822561118,0.29683969038150104,-3.9995671850952945,-9.563178398062352
2.429758264884806,0.9134052361738005,-0.6343343272973024,2.2146544430402906,-3.5899380369280456
-0.4101326988893424,0.7147504706785566,0.1297526570989173,1.3806714461745144,2.907023540211295
-0.19292163005680438,-0.5423027170631736,-1.2366960637228774,1.0475641720462257,2.684332848241742
-0.04416286173122861,0.21331669629546737,-0.06271606227062093,0.7103484123431177,2.101120628027973
-0.40320782725169557,-0.7175756672842205,0.7165876699461281,-3.7978449236600875,-5.4556617508878755
0.04244611325744225,0.7956750287284311,-0.060165095355324126,4.080730622366138,7.88882726680222
-0.3599066129150826,1.0977260645057847,0.670301454253409,-2.1251739627863824,-7.673175736700443
-0.47064662818440495,-0.5230162695104277,0.1487374386724441,-2.1467716175932794,-4.0760521760360975
0.9260423019907621,0.8252673751955847,-0.6753462649178785,4.404566464301917,3.402601628966835
-0.353987563527946,-0.1991277899167596,1.2268277640735639,-3.601656089463562,-5.480771775857382
-0.28318392562244293,2.6479197057462533,0.12071147113500884,5.268958573896392,5.242575500562255
-0.33597843188603266,2.2540683935736157,1.4337294600693382,-1.754194082838692,-11.112393526520773
0.003009109084688997,1.088298424759953,-0.22636287205613131,2.849358671484969,3.718486769903481
-0.6890395483795759,0.8833921244110591,0.036043541956052,1.8613568784178351,5.636815201984281
-0.14888567841223557,-3.230645230866754,-0.09189743567718606,-7.881965228766484,-8.82917377291426
1.157997304892964,0.9572755816442009,0.014746147673662268,3.14784360535614,1.17430317147796
0.6690689193985584,-1.0214959631627107,-0.9934707114112464,0.8679618961809357,1.2233069207109102
-0.6801151830652642,0.4226457144690675,-1.5899910444655918,4.22208821525681,8.826714717743325
1.8355313772346382,0.3581823299665813,-0.05143631129953011,1.907596933975288,-5.3226982954501825
-1.2574676595633378,-0.4438837344580794,-1.9932071332228698,-0.4844184272802545,0.4427574207220477
0.12707901502317398,-0.22126950834448492,0.4935954762969233,-1.398536005298661,-2.475050902375775
0.6521106145669744,0.04771104937542365,1.0467960266141645,0.4612455170020189,0.6400913333650262
2.501162847727074,0.5600503728580055,-1.6457412563334795,6.713591856419753,5.42216035383551
0.03608449642416596,0.26772168689922354,0.07422849257211925,0.4430584448432623,1.850419346179439
0.4221313794783292,-0.4121739208492867,-0.5115077883882002,-1.2073970326175372,-3.8634445169864176
-0.11556219946791489,-0.4940587679767356,-1.427668459832928,0.9245638506353648,1.26979398522534
0.7887405459730744,0.1234955794795766,-1.0920853876753072,4.340046365529055,5.485027891869023
-0.1957171765928406,0.4948046658664746,-0.25977373804804427,3.233767188470299,7.495560376689818
-0.21858606686190488,1.3565155550495966,0.3225451883789389,3.6508160268750105,4.25439963627475
-0.14974928398281162,0.06330379439196493,0.4990604091187348,-2.0879466803902353,-7.744256577782575
0.00676985865873457,-0.1517022858194083,0.2818303750761352,-1.2535110392334965,2.436878884644183
-0.04859201759108863,-0.691021613357657,0.19605805050264283,-1.720038285443159,-0.6697740335123589
1.039761881440037,1.6408317374547283,0.27851984345329467,3.8777218851541844,2.220270306970165
-3.0420506968870904,-0.5487334654495198,-0.14579381846829575,-4.557010293555939,-2.847348079042004
0.0524418487693413,0.29541011056794875,-1.810144206175111,7.379193515158885,15.286469571637774
-0.5897693439125449,1.5480224418000001,-0.6757844584792795,2.574576512140435,3.6908083990204243
-0.13547404102011446,0.41185382751266947,2.8522636921439792,-7.037764592391655,-14.887517504418573
-1.3309389631285784,-0.10820037885501636,0.27148191957643014,-3.5409413303661452,-5.908366118919021
1.6606868612959946,-1.412815273454929,0.5919704495680334,-5.5618248551738825,-15.67387054003594
-0.4081993144562725,0.9749354215243006,0.563265204070097,-3.1889231943988614,-10.306098181041008
-0.037446693841469814,-0.039916726557333276,1.0022366041670232,-2.392697678994847,-7.199777733569674
0.12125499676669695,0.06571625671853623,-1.5727154940412678,2.686150146209937,4.650894120544263
1.5447203718711733,0.21405098994429017,1.2921863066199708,0.35322866279630816,-0.8952368515262648
0.13519734254697713,1.0241919049950106,-0.055188130959169066,5.103146079368296,10.521997744165873
-0.4711961924343681,0.28450372832257936,-0.1576956370160326,0.22944955601422312,-1.172955251765485
0.05852689453635353,-0.14745467658865977,1.4228360047748962,-5.189020372747896,-12.818343773387973
0.3988632011861066,0.29840126486978985,-1.5367577423831926,4.366024358140928,8.359698063611438
-0.2126994901556502,0.19364154491535296,0.7099499584762184,-2.988068608202674,-7.471870883133281
0.3969093673430224,-0.7855602986929572,0.047629115518406366,-2.439026466148568,-4.718981671969084
0.48400850366011877,1.0260487902295812,-0.7273784457340577,6.392058646066683,11.20345959938473
-1.6087642232584929,-0.45088850367923244,0.533197162794302,-3.7144141112847793,-1.4422797737600248
-0.07200563639461105,0.010326868547064291,-1.0690624759046643,1.9487073483654904,2.0427461415819597
1.8152790060189512,0.5558575973698111,0.37812959398310825,1.4452440395276884,-5.5193549057892035
0.055548652883181115,0.8583673808364817,-0.7740374169493103,3.6390195351083956,2.1131242630820237
2.0662051927387544,2.4381308294128594,0.6511179124031834,5.433496684772062,3.2497007440120664
0.752779037763832,0.1067539348081952,0.6116539606042185,-1.5161418103086297,-6.004232825885502
-0.899306680160579,-2.2570063084772825,-2.23360843781799,-2.068917038527289,2.1740827018926128
0.13004370344544078,-1.6662282194780003,-0.14008303722142387,-3.0960258947041464,-1.8928385983176337
0.2618843131660413,-0.29228474585960346,0.6471062623161957,3.1371668975977025,11.06540193974658
-0.035538917852447595,-1.0143329742884588,-0.006535439187399855,-2.76716810866144,-3.895893949694255
-0.2704996994356148,-0.1868960748911421,1.2253866025483005,-2.2613151838074064,-0.9543538970486134
-0.23507841195705473,0.0638194228170426,1.4955875304793138,-2.4555686217226564,-2.5950182109778526
1.6402254328551495,0.43251578278216823,-0.6209341443657652,3.7738344202903527,1.819736473998235
0.024895105692354473,-0.5475881245056383,0.8434994417930406,-6.119337971297705,-14.11365293718252
0.05905217791731886,0.9754409302390904,0.8537557016594147,2.921246620120047,8.177048218705771
1.5944387897122967,3.4044945339514636,-4.341742848233716,17.413546931288217,20.409429781070273
-0.642179018353384,0.32125450334049377,-1.4971956682516419,2.021867211640177,4.797661684885725
0.29170854704901844,1.4149198073655267,-0.10487951066394789,8.241394446356866,16.69269084661845
0.6358784565104711,0.24204608712807454,0.16521651026076026,0.4862301715032177,-2.263378222033052
-0.0989680792735889,-0.0727613718976308,0.7076960415721046,-0.4218326557958225,-0.3541086100812443
-1.8054324394659795,0.5555865434470025,-0.05973068841187701,-0.5016293455721967,2.67152151799579
-0.23161932896328916,-0.8168563601978013,0.016565917407577985,-3.201644496276358,-5.435282646341155
1.4581219995518386,4.72141885595267,-0.1418144362505873,12.933709430467124,12.090349696496379
-0.3523815580302582,-1.115767512709694,-0.2804436386859968,-3.8684194047752163,-7.843964137696359
-1.3034636150089671,0.636751059221863,1.6758477376871284,-8.337599722352866,-13.911824293540594
1.27297262530377,0.9284958988186314,0.5719678701590575,5.7453140836019045,4.308366380656352
0.8515645111307376,0.575978401531322,0.39577225011599443,3.404123462563762,6.642736832719631
1.6588419731547088,0.6234194508883658,0.48768913116806384,3.7406024969237546,3.6770771636401482
1.8728541082070131,-0.9892881855090394,-0.17933332148371647,-0.39467943518230125,-3.224479341783379
1.5398297021583969,0.2010491021954251,0.01482508983713803,-1.031277947893216,-7.653093512389104
0.18462164985563537,-0.6088832987810776,-0.6066021645694462,0.02636620436071846,-0.9247265946188026
-0.8440649918518507,0.19518808204411403,0.07092955972347086,-1.0029918463327376,0.09722131856135735
-2.0392523778867346,-0.6459642753497709,-0.7686460556683234,0.01503701553293757,7.637416134760816
0.28974621715595833,0.35812019042184445,-0.35102923011393405,0.8913493947845249,-0.5736505072932141
-0.7281941124290849,0.7310179699223558,2.123695146788938,-5.206440270856225,-12.240368804495313
0.37758619437195196,-0.07035261350473,0.6258350220357983,-2.048093189823013,-7.905046879103141
1.159437958145305,-0.5300210736284435,-0.34263851647964083,2.1838990834219034,3.41195268410882
1.248955995187043,-1.3653795171678058,0.13153078076772412,-2.5846663785492656,-2.050838988178626
-0.6010888518471262,0.43443699619572174,-0.8919641088851176,3.938698285470938,9.61128938460046
0.28705169456071133,-1.8701111179620091,0.2990909667970703,-4.456088433262553,-6.779269929437772
